Category,Descript,Count,Top_25_Catg
LARCENY/THEFT,GRAND THEFT FROM LOCKED AUTO,178836,THEFT FROM AUTO
NON-CRIMINAL,LOST PROPERTY,77956,NON-CRIMINAL LOST/FOUND PROPERTY
ASSAULT,BATTERY,67654,BATTERY
VEHICLE THEFT,STOLEN AUTOMOBILE,64763,VEHICLE THEFT
OTHER OFFENSES,"DRIVERS LICENSE, SUSPENDED OR REVOKED",62534,"DRIVERS LICENSE, SUSPENDED OR REVOKED"
NON-CRIMINAL,"AIDED CASE, MENTAL DISTURBED",56313,OTHER NON-CRIMINAL
WARRANTS,WARRANT ARREST,56230,WARRANTS
SUSPICIOUS OCC,SUSPICIOUS OCCURRENCE,52490,SUSPICIOUS OCCURRENCE
LARCENY/THEFT,PETTY THEFT FROM LOCKED AUTO,51946,THEFT FROM AUTO
LARCENY/THEFT,PETTY THEFT OF PROPERTY,46114,OTHER LARCENY/THEFT
VANDALISM,"MALICIOUS MISCHIEF, VANDALISM",45238,VANDALISM
VANDALISM,"MALICIOUS MISCHIEF, VANDALISM OF VEHICLES",44290,VANDALISM
OTHER OFFENSES,TRAFFIC VIOLATION,38105,VEHICLE THEFT
ASSAULT,THREATS AGAINST LIFE,34670,THREATS
NON-CRIMINAL,FOUND PROPERTY,33383,NON-CRIMINAL LOST/FOUND PROPERTY
LARCENY/THEFT,GRAND THEFT OF PROPERTY,29420,OTHER LARCENY/THEFT
WARRANTS,ENROUTE TO OUTSIDE JURISDICTION,29104,WARRANTS
LARCENY/THEFT,PETTY THEFT FROM A BUILDING,25728,OTHER LARCENY/THEFT
MISSING PERSON,FOUND PERSON,24539,MISSING PERSON
LARCENY/THEFT,PETTY THEFT SHOPLIFTING,24478,OTHER LARCENY/THEFT
DRUG/NARCOTIC,POSSESSION OF NARCOTICS PARAPHERNALIA,22891,DRUG/NARCOTIC
LARCENY/THEFT,GRAND THEFT FROM A BUILDING,22503,OTHER LARCENY/THEFT
FRAUD,"CREDIT CARD, THEFT BY USE OF",22079,"CREDIT CARD, THEFT BY USE OF"
VEHICLE THEFT,STOLEN TRUCK,21492,VEHICLE THEFT
OTHER OFFENSES,RESISTING ARREST,21474,RESISTING ARREST
MISSING PERSON,MISSING ADULT,20574,MISSING PERSON
OTHER OFFENSES,MISCELLANEOUS INVESTIGATION,20219,MISC OFFENSES
MISSING PERSON,MISSING JUVENILE,19848,MISSING PERSON
SUSPICIOUS OCC,INVESTIGATIVE DETENTION,19360,SUSPICIOUS OCCURRENCE
SECONDARY CODES,DOMESTIC VIOLENCE,18488,DOMESTIC VIOLENCE
LARCENY/THEFT,GRAND THEFT FROM PERSON,18119,OTHER LARCENY/THEFT
OTHER OFFENSES,PROBATION VIOLATION,18080,MISC OFFENSES
ASSAULT,INFLICT INJURY ON COHABITEE,17948,OTHER ASSAULT
TRESPASS,TRESPASSING,17205,TRESPASSING
OTHER OFFENSES,TRAFFIC VIOLATION ARREST,17172,VEHICLE THEFT
OTHER OFFENSES,LOST/STOLEN LICENSE PLATE,16600,MISC OFFENSES
ASSAULT,AGGRAVATED ASSAULT WITH A DEADLY WEAPON,16405,OTHER ASSAULT
VEHICLE THEFT,"VEHICLE, RECOVERED, AUTO",16263,VEHICLE THEFT
LARCENY/THEFT,GRAND THEFT FROM UNLOCKED AUTO,15523,THEFT FROM AUTO
ROBBERY,"ROBBERY ON THE STREET, STRONGARM",15063,ROBBERY
DRUG/NARCOTIC,POSSESSION OF BASE/ROCK COCAINE,14348,DRUG/NARCOTIC
NON-CRIMINAL,AIDED CASE,14250,OTHER NON-CRIMINAL
LARCENY/THEFT,GRAND THEFT PICKPOCKET,13650,OTHER LARCENY/THEFT
OTHER OFFENSES,VIOLATION OF RESTRAINING ORDER,13597,MISC OFFENSES
ASSAULT,AGGRAVATED ASSAULT WITH BODILY FORCE,12522,OTHER ASSAULT
VANDALISM,"MALICIOUS MISCHIEF, BREAKING WINDOWS",12340,VANDALISM
DRUG/NARCOTIC,POSSESSION OF MARIJUANA,11883,DRUG/NARCOTIC
BURGLARY,"BURGLARY OF APARTMENT HOUSE, UNLAWFUL ENTRY",11828,BURGLARY
ROBBERY,"ROBBERY, BODILY FORCE",11681,ROBBERY
NON-CRIMINAL,"DEATH REPORT, CAUSE UNKNOWN",10735,NON-CRIMINAL DEATH
OTHER OFFENSES,PAROLE VIOLATION,10560,MISC OFFENSES
DRUNKENNESS,UNDER INFLUENCE OF ALCOHOL IN A PUBLIC PLACE,9826,MISC OFFENSES
DRUG/NARCOTIC,SALE OF BASE/ROCK COCAINE,9119,DRUG/NARCOTIC
ASSAULT,"BATTERY, FORMER SPOUSE OR DATING RELATIONSHIP",8784,BATTERY
DRUG/NARCOTIC,POSSESSION OF METH-AMPHETAMINE,8747,DRUG/NARCOTIC
BURGLARY,"BURGLARY, UNLAWFUL ENTRY",8446,BURGLARY
VANDALISM,"MALICIOUS MISCHIEF, GRAFFITI",8398,VANDALISM
LARCENY/THEFT,PETTY THEFT WITH PRIOR,8207,OTHER LARCENY/THEFT
OTHER OFFENSES,FALSE PERSONATION TO RECEIVE MONEY OR PROPERTY,8134,MISC OFFENSES
RECOVERED VEHICLE,RECOVERED VEHICLE - STOLEN OUTSIDE SF,8083,VEHICLE THEFT
DRUG/NARCOTIC,POSSESSION OF BASE/ROCK COCAINE FOR SALE,8024,DRUG/NARCOTIC
OTHER OFFENSES,CONSPIRACY,7682,MISC OFFENSES
BURGLARY,"BURGLARY OF RESIDENCE, UNLAWFUL ENTRY",7474,BURGLARY
PROSTITUTION,SOLICITS FOR ACT OF PROSTITUTION,7176,MISC OFFENSES
LARCENY/THEFT,PETTY THEFT FROM UNLOCKED AUTO,6907,THEFT FROM AUTO
BURGLARY,"BURGLARY OF RESIDENCE, FORCIBLE ENTRY",6814,BURGLARY
WARRANTS,ENROUTE TO DEPARTMENT OF CORRECTIONS,6810,WARRANTS
BURGLARY,"BURGLARY OF APARTMENT HOUSE, FORCIBLE ENTRY",6747,BURGLARY
BURGLARY,"BURGLARY, FORCIBLE ENTRY",6733,BURGLARY
VEHICLE THEFT,STOLEN MOTORCYCLE,6596,VEHICLE THEFT
STOLEN PROPERTY,"STOLEN PROPERTY, POSSESSION WITH KNOWLEDGE, RECEIVING",6564,OTHER LARCENY/THEFT
LARCENY/THEFT,GRAND THEFT BICYCLE,6190,OTHER LARCENY/THEFT
ASSAULT,AGGRAVATED ASSAULT WITH A KNIFE,6073,OTHER ASSAULT
NON-CRIMINAL,CASE CLOSURE,6021,OTHER NON-CRIMINAL
DRUG/NARCOTIC,POSSESSION OF MARIJUANA FOR SALES,5964,DRUG/NARCOTIC
OTHER OFFENSES,POSSESSION OF BURGLARY TOOLS,5892,MISC OFFENSES
OTHER OFFENSES,OBSCENE PHONE CALLS(S),5731,MISC OFFENSES
VEHICLE THEFT,STOLEN AND RECOVERED VEHICLE,5702,VEHICLE THEFT
FORGERY/COUNTERFEITING,"CHECKS, FORGERY (FELONY)",5583,OTHER FRAUD/FORGERY
OTHER OFFENSES,VIOLATION OF MUNICIPAL CODE,5489,MISC OFFENSES
LARCENY/THEFT,GRAND THEFT SHOPLIFTING,5452,OTHER LARCENY/THEFT
LARCENY/THEFT,ATTEMPTED THEFT FROM LOCKED VEHICLE,5363,THEFT FROM AUTO
BURGLARY,"BURGLARY OF STORE, UNLAWFUL ENTRY",5289,BURGLARY
PROSTITUTION,SOLICITS TO VISIT HOUSE OF PROSTITUTION,5110,MISC OFFENSES
VEHICLE THEFT,"VEHICLE, RECOVERED, OTHER VEHICLE",5091,VEHICLE THEFT
OTHER OFFENSES,HARASSING PHONE CALLS,5049,MISC OFFENSES
BURGLARY,"BURGLARY,STORE UNDER CONSTRUCTION, FORCIBLE ENTRY",4966,BURGLARY
DRIVING UNDER THE INFLUENCE,DRIVING WHILE UNDER THE INFLUENCE OF ALCOHOL,4837,MISC OFFENSES
BURGLARY,"BURGLARY, HOT PROWL, UNLAWFUL ENTRY",4810,BURGLARY
OTHER OFFENSES,FALSE PERSONATION,4750,MISC OFFENSES
STOLEN PROPERTY,RECEIVING STOLEN PROPERTY,4655,OTHER LARCENY/THEFT
ROBBERY,ROBBERY ON THE STREET WITH A GUN,4651,ROBBERY
WARRANTS,ENROUTE TO PAROLE OFFICER,4629,WARRANTS
DRUG/NARCOTIC,POSSESSION OF HEROIN,4556,DRUG/NARCOTIC
DRUG/NARCOTIC,POSSESSION OF CONTROLLED SUBSTANCE,4508,DRUG/NARCOTIC
WEAPON LAWS,POSS OF LOADED FIREARM,4457,MISC OFFENSES
RUNAWAY,RUNAWAY,4440,MISC OFFENSES
LARCENY/THEFT,PETTY THEFT BICYCLE,4326,OTHER LARCENY/THEFT
NON-CRIMINAL,"STAY AWAY OR COURT ORDER, NON-DV RELATED",4311,OTHER NON-CRIMINAL
SUSPICIOUS OCC,SUSPICIOUS PERSON,4157,SUSPICIOUS OCCURRENCE
OTHER OFFENSES,VIOLATION OF MUNICIPAL POLICE CODE,4138,MISC OFFENSES
"SEX OFFENSES, FORCIBLE",SEXUAL BATTERY,3894,MISC OFFENSES
BURGLARY,"BURGLARY,STORE UNDER CONSTRUCTION, UNLAWFUL ENTRY",3875,BURGLARY
OTHER OFFENSES,MISCELLANEOUS STATE MISDEMEANOR,3760,MISC OFFENSES
FRAUD,FRAUDULENT USE OF AUTOMATED TELLER CARD,3744,OTHER FRAUD/FORGERY
FORGERY/COUNTERFEITING,"CHECKS, MAKE OR PASS FICTITIOUS",3703,OTHER FRAUD/FORGERY
FRAUD,FALSE ID TO PEACE OFFICER,3674,OTHER FRAUD/FORGERY
BURGLARY,"BURGLARY OF STORE, FORCIBLE ENTRY",3657,BURGLARY
ASSAULT,CHILD ABUSE (PHYSICAL),3607,OTHER ASSAULT
NON-CRIMINAL,"AIDED CASE, DOG BITE",3543,OTHER NON-CRIMINAL
LARCENY/THEFT,"LOST PROPERTY, PETTY THEFT",3459,OTHER LARCENY/THEFT
OTHER OFFENSES,"FRAUDULENT GAME OR TRICK, OBTAINING MONEY OR PROPERTY",3269,MISC OFFENSES
DISORDERLY CONDUCT,COMMITTING PUBLIC NUISANCE,3254,MISC OFFENSES
VEHICLE THEFT,RECOVERED VEHICLE - STOLEN OUTSIDE SF,3243,VEHICLE THEFT
DRUG/NARCOTIC,POSSESSION OF COCAINE,3207,DRUG/NARCOTIC
ASSAULT,BATTERY OF A POLICE OFFICER,3199,BATTERY
FORGERY/COUNTERFEITING,"FORGERY, DRIVERS LICENSE OR ID-CARD",3185,OTHER FRAUD/FORGERY
SECONDARY CODES,JUVENILE INVOLVED,3124,MISC OFFENSES
PROSTITUTION,LOITERING FOR PURPOSE OF PROSTITUTION,3084,MISC OFFENSES
NON-CRIMINAL,"CIVIL SIDEWALKS, CITATION",3040,OTHER NON-CRIMINAL
KIDNAPPING,FALSE IMPRISONMENT,3026,MISC OFFENSES
DRUG/NARCOTIC,POSSESSION OF METH-AMPHETAMINE FOR SALE,2996,DRUG/NARCOTIC
DRUG/NARCOTIC,SALE OF MARIJUANA,2992,DRUG/NARCOTIC
ROBBERY,"ROBBERY, ARMED WITH A GUN",2936,ROBBERY
WEAPON LAWS,EXHIBITING DEADLY WEAPON IN A THREATING MANNER,2927,MISC OFFENSES
OTHER OFFENSES,FALSE EVIDENCE OF VEHICLE REGISTRATION,2800,MISC OFFENSES
NON-CRIMINAL,PROPERTY FOR IDENTIFICATION,2777,OTHER NON-CRIMINAL
NON-CRIMINAL,"AIDED CASE, INJURED PERSON",2688,OTHER NON-CRIMINAL
ROBBERY,ATTEMPTED ROBBERY ON THE STREET WITH BODILY FORCE,2561,ROBBERY
ASSAULT,AGGRAVATED ASSAULT WITH A GUN,2556,OTHER ASSAULT
FRAUD,FRAUDULENT CREDIT APPLICATION,2487,OTHER FRAUD/FORGERY
NON-CRIMINAL,COURTESY REPORT,2466,OTHER NON-CRIMINAL
BURGLARY,"BURGLARY, VEHICLE (ARREST MADE)",2416,BURGLARY
DRUG/NARCOTIC,POSSESSION OF CONTROLLED SUBSTANCE FOR SALE,2395,DRUG/NARCOTIC
ASSAULT,BATTERY WITH SERIOUS INJURIES,2377,BATTERY
DRUG/NARCOTIC,POSSESSION OF HEROIN FOR SALES,2358,DRUG/NARCOTIC
WEAPON LAWS,CARRYING A CONCEALED WEAPON,2339,MISC OFFENSES
NON-CRIMINAL,"DEATH REPORT, NATURAL CAUSES",2338,NON-CRIMINAL DEATH
NON-CRIMINAL,AIDED CASE -PROPERTY FOR DESTRUCTION,2317,OTHER NON-CRIMINAL
NON-CRIMINAL,"CIVIL SIDEWALKS, WARNING",2317,OTHER NON-CRIMINAL
FORGERY/COUNTERFEITING,"COUNTERFEITING, COINS OR NOTES",2229,OTHER FRAUD/FORGERY
ASSAULT,ELDER ADULT OR DEPENDENT ABUSE (NOT EMBEZZLEMENT OR THEFT),2215,OTHER ASSAULT
BURGLARY,"BURGLARY, HOT PROWL, FORCIBLE ENTRY",2185,BURGLARY
WARRANTS,ENROUTE TO ADULT AUTHORITY,2179,WARRANTS
DISORDERLY CONDUCT,DISTURBING THE PEACE,2169,MISC OFFENSES
TRESPASS,LODGING WITHOUT PERMISSION,2155,TRESPASSING
ASSAULT,STALKING,2116,OTHER ASSAULT
LIQUOR LAWS,CONSUMING ALCOHOL IN PUBLIC VIEW,2108,MISC OFFENSES
WEAPON LAWS,POSS OF FIREARM BY CONVICTED FELON/ADDICT/ALIEN,2063,MISC OFFENSES
NON-CRIMINAL,FIRE REPORT,2028,OTHER NON-CRIMINAL
"SEX OFFENSES, FORCIBLE","FORCIBLE RAPE, BODILY FORCE",2003,MISC OFFENSES
SUSPICIOUS OCC,SUSPICIOUS ACT TOWARDS FEMALE,2000,SUSPICIOUS OCCURRENCE
ASSAULT,THREATENING PHONE CALL(S),1953,THREATS
ROBBERY,ATTEMPTED ROBBERY WITH BODILY FORCE,1946,ROBBERY
NON-CRIMINAL,SEARCH WARRANT SERVICE,1933,OTHER NON-CRIMINAL
SECONDARY CODES,GANG ACTIVITY,1853,GANG ACTIVITY
ASSAULT,FALSE IMPRISONMENT,1843,OTHER ASSAULT
OTHER OFFENSES,"PERMIT VIOLATION, POLICE (GENERAL)",1823,MISC OFFENSES
LARCENY/THEFT,THEFT OF COMPUTERS OR CELL PHONES,1795,OTHER LARCENY/THEFT
OTHER OFFENSES,TAMPERING WITH A VEHICLE,1780,MISC OFFENSES
DISORDERLY CONDUCT,MAINTAINING A PUBLIC NUISANCE AFTER NOTIFICATION,1755,MISC OFFENSES
FORGERY/COUNTERFEITING,"FORGERY, NOTES",1751,OTHER FRAUD/FORGERY
NON-CRIMINAL,LOCATED PROPERTY,1725,OTHER NON-CRIMINAL
ROBBERY,ROBBERY ON THE STREET WITH A KNIFE,1688,ROBBERY
OTHER OFFENSES,OBSTRUCTIONS ON STREETS/SIDEWALKS,1684,MISC OFFENSES
FORGERY/COUNTERFEITING,"MONEY, CHANGING FACE AMOUNT",1673,OTHER FRAUD/FORGERY
OTHER OFFENSES,FAILURE TO REGISTER AS SEX OFFENDER,1653,MISC OFFENSES
WEAPON LAWS,POSS OF PROHIBITED WEAPON,1648,MISC OFFENSES
DRUG/NARCOTIC,SALE OF CONTROLLED SUBSTANCE,1642,DRUG/NARCOTIC
SECONDARY CODES,PREJUDICE-BASED INCIDENT,1633,MISC OFFENSES
BURGLARY,"BURGLARY OF APARTMENT HOUSE, ATT FORCIBLE ENTRY",1616,BURGLARY
FRAUD,DEFRAUDING AN INNKEEPER,1608,OTHER FRAUD/FORGERY
NON-CRIMINAL,TARASOFF REPORT,1594,OTHER NON-CRIMINAL
FRAUD,"FALSE PRETENSES, GRAND THEFT",1592,OTHER FRAUD/FORGERY
BURGLARY,"BURGLARY OF FLAT, UNLAWFUL ENTRY",1589,BURGLARY
LARCENY/THEFT,GRAND THEFT PURSESNATCH,1589,OTHER LARCENY/THEFT
OTHER OFFENSES,"STAY AWAY ORDER VIOLATION, DV RELATED",1584,MISC OFFENSES
BURGLARY,"BURGLARY OF HOTEL ROOM, UNLAWFUL ENTRY",1570,BURGLARY
BURGLARY,"BURGLARY OF RESIDENCE, ATTEMPTED FORCIBLE ENTRY",1546,BURGLARY
LARCENY/THEFT,"LOST PROPERTY, GRAND THEFT",1536,OTHER LARCENY/THEFT
ROBBERY,ROBBERY ON THE STREET WITH A DANGEROUS WEAPON,1536,ROBBERY
DRUG/NARCOTIC,POSSESSION OF COCAINE FOR SALES,1480,DRUG/NARCOTIC
ARSON,ARSON OF A VEHICLE,1476,ARSON
ROBBERY,"ROBBERY, ARMED WITH A KNIFE",1427,ROBBERY
LARCENY/THEFT,GRAND THEFT AUTO STRIP,1384,THEFT FROM AUTO
OTHER OFFENSES,INDECENT EXPOSURE,1383,MISC OFFENSES
OTHER OFFENSES,PEDDLING WITHOUT A LICENSE,1374,MISC OFFENSES
ASSAULT,ASSAULT,1299,OTHER ASSAULT
NON-CRIMINAL,TURNED IN GUN,1284,OTHER NON-CRIMINAL
DRUG/NARCOTIC,SALE OF HEROIN,1282,DRUG/NARCOTIC
ARSON,ARSON,1266,ARSON
LARCENY/THEFT,PETTY THEFT AUTO STRIP,1239,THEFT FROM AUTO
NON-CRIMINAL,TRAFFIC ACCIDENT,1238,OTHER NON-CRIMINAL
FRAUD,"FORGERY, CREDIT CARD",1221,OTHER FRAUD/FORGERY
WEAPON LAWS,DISCHARGE FIREARM AT AN INHABITED DWELLING,1220,MISC OFFENSES
FORGERY/COUNTERFEITING,"FORGERY, FALSE ENTRIES IN RECORDS OR RETURNS",1178,OTHER FRAUD/FORGERY
VEHICLE THEFT,ATTEMPTED STOLEN VEHICLE,1176,VEHICLE THEFT
DISORDERLY CONDUCT,"DISTURBING THE PEACE, FIGHTING",1170,MISC OFFENSES
ROBBERY,"ROBBERY, ARMED WITH A DANGEROUS WEAPON",1117,ROBBERY
ROBBERY,"ROBBERY OF A COMMERCIAL ESTABLISHMENT, STRONGARM",1098,ROBBERY
OTHER OFFENSES,RECKLESS DRIVING,1096,MISC OFFENSES
EMBEZZLEMENT,"EMBEZZLEMENT, GRAND THEFT BY EMPLOYEE",1094,MISC OFFENSES
ASSAULT,ASSAULT WITH CAUSTIC CHEMICALS,1092,OTHER ASSAULT
OTHER OFFENSES,INJURY TO TELEGRAPH/TELEPHONE LINES,1092,MISC OFFENSES
DRUG/NARCOTIC,"CONTROLLED SUBSTANCE VIOLATION, LOITERING FOR",1089,DRUG/NARCOTIC
OTHER OFFENSES,RESTRAINING ORDER NOTIFICATION/SERVICE OF RESTRAINING ORDER,1052,MISC OFFENSES
LARCENY/THEFT,THEFT FROM MERCHANT OR LIBRARY,1047,OTHER LARCENY/THEFT
OTHER OFFENSES,VIOLATION OF PARK CODE,1044,MISC OFFENSES
KIDNAPPING,"KIDNAPPING, ADULT VICTIM",1041,MISC OFFENSES
"SEX OFFENSES, FORCIBLE",CHILD ABUSE SEXUAL,1040,MISC OFFENSES
OTHER OFFENSES,DANGER OF LEADING IMMORAL LIFE,1021,MISC OFFENSES
OTHER OFFENSES,VIOLATION OF STAY AWAY ORDER,1020,MISC OFFENSES
ROBBERY,ROBBERY OF A CHAIN STORE WITH BODILY FORCE,1020,ROBBERY
BURGLARY,"BURGLARY, ATTEMPTED FORCIBLE ENTRY",1017,BURGLARY
FRAUD,"CREDIT CARD, THEFT OF",1004,OTHER FRAUD/FORGERY
BURGLARY,"BURGLARY,RESIDENCE UNDER CONSTRT, FORCIBLE ENTRY",982,BURGLARY
VANDALISM,MALICIOUS MISCHIEF,968,VANDALISM
WEAPON LAWS,POSSESSION OF AIR GUN,950,MISC OFFENSES
FRAUD,"ACCESS CARD INFORMATION, THEFT OF",949,OTHER FRAUD/FORGERY
OTHER OFFENSES,EVADING A POLICE OFFICER RECKLESSLY,947,MISC OFFENSES
NON-CRIMINAL,"LICENSE PLATE, RECOVERED",945,OTHER NON-CRIMINAL
VANDALISM,"MALICIOUS MISCHIEF, TIRE SLASHING",905,VANDALISM
DISORDERLY CONDUCT,MAINTAINING A PUBLIC NUISANCE,902,MISC OFFENSES
WARRANTS,PROBATION SEARCH,895,WARRANTS
FORGERY/COUNTERFEITING,"CHECKS, POSSESSION WITH INTENT TO PASS",877,OTHER FRAUD/FORGERY
LOITERING,BEGGING,877,MISC OFFENSES
DRUG/NARCOTIC,MAINTAINING PREMISE WHERE NARCOTICS ARE SOLD/USED,869,DRUG/NARCOTIC
SUSPICIOUS OCC,"SUSPICIOUS OCCURRENCE, POSSIBLE SHOTS FIRED",868,SUSPICIOUS OCCURRENCE
WEAPON LAWS,DISCHARGE FIREARM WITHIN CITY LIMITS,868,MISC OFFENSES
ASSAULT,ATTEMPTED SIMPLE ASSAULT,861,OTHER ASSAULT
BURGLARY,"BURGLARY OF FLAT, FORCIBLE ENTRY",860,BURGLARY
VEHICLE THEFT,"VEHICLE, RECOVERED, MOTORCYCLE",850,VEHICLE THEFT
BURGLARY,"BURGLARY,BLDG. UNDER CONSTRUCTION, UNLAWFUL ENTRY",847,BURGLARY
VANDALISM,"MALICIOUS MISCHIEF, STREET CARS/BUSES",844,VANDALISM
FRAUD,"TRICK AND DEVICE, GRAND THEFT",819,OTHER FRAUD/FORGERY
FORGERY/COUNTERFEITING,"COUNTERFEITING, POSSESSION COINS OR NOTES",805,OTHER FRAUD/FORGERY
FORGERY/COUNTERFEITING,"CHECKS OR LEGAL INSTRUMENTS, UTTERING FORGED",801,OTHER FRAUD/FORGERY
NON-CRIMINAL,IMPOUNDED VEHICLE,792,OTHER NON-CRIMINAL
LARCENY/THEFT,THEFT OF CHECKS OR CREDIT CARDS,787,OTHER LARCENY/THEFT
LOITERING,LOITERING,779,MISC OFFENSES
ASSAULT,SHOOTING INTO INHABITED DWELLING OR OCCUPIED VEHICLE,770,OTHER ASSAULT
NON-CRIMINAL,SHELTER,770,OTHER NON-CRIMINAL
ASSAULT,ATTEMPTED HOMICIDE WITH A GUN,768,OTHER ASSAULT
WEAPON LAWS,"FIREARM, LOADED, IN VEHICLE, POSSESSION OR USE",763,MISC OFFENSES
WEAPON LAWS,LOITERING WHILE CARRYING CONCEALED WEAPON,763,MISC OFFENSES
DRUG/NARCOTIC,TRANSPORTATION OF MARIJUANA,750,DRUG/NARCOTIC
ROBBERY,ROBBERY OF A COMMERCIAL ESTABLISHMENT WITH A GUN,748,ROBBERY
ROBBERY,ATTEMPTED ROBBERY ON THE STREET WITH A GUN,744,ROBBERY
DRUG/NARCOTIC,LOITERING WHERE NARCOTICS ARE SOLD/USED,743,DRUG/NARCOTIC
BURGLARY,"BURGLARY,BLDG. UNDER CONSTRUCTION, FORCIBLE ENTRY",738,BURGLARY
EMBEZZLEMENT,"EMBEZZLEMENT, GRAND THEFT",738,MISC OFFENSES
"SEX OFFENSES, FORCIBLE",ASSAULT TO RAPE WITH BODILY FORCE,735,MISC OFFENSES
OTHER OFFENSES,INCIDENT ON SCHOOL GROUNDS,732,MISC OFFENSES
BURGLARY,"BURGLARY, HOT PROWL, ATTEMPTED FORCIBLE ENTRY",716,BURGLARY
VANDALISM,"MALICIOUS MISCHIEF, ADULT SUSPECT",715,VANDALISM
BURGLARY,"BURGLARY,RESIDENCE UNDER CONSTRT, UNLAWFUL ENTRY",702,BURGLARY
LIQUOR LAWS,POSSESSION OF ALCOHOL BY MINOR,698,MISC OFFENSES
KIDNAPPING,CHILD STEALING,684,MISC OFFENSES
OTHER OFFENSES,FALSE REPORT OF BOMB,683,MISC OFFENSES
OTHER OFFENSES,ACTS AGAINST PUBLIC TRANSIT,682,MISC OFFENSES
VANDALISM,"VANDALISM OR GRAFFITI TOOLS, POSSESSION",677,VANDALISM
SUSPICIOUS OCC,SUSPICIOUS ACT TOWARDS CHILD,673,SUSPICIOUS OCCURRENCE
ASSAULT,THREAT OR FORCE TO RESIST EXECUTIVE OFFICER,669,THREATS
BAD CHECKS,"CHECKS, NON-SUFFICIENT FUNDS (MISDEMEANOR)",657,OTHER FRAUD/FORGERY
DRUG/NARCOTIC,SALE OF COCAINE,648,DRUG/NARCOTIC
WARRANTS,ENROUTE TO PROBATION OFFICER,641,WARRANTS
SECONDARY CODES,ATM RELATED CRIME,633,MISC OFFENSES
BURGLARY,"BURGLARY,STORE UNDER CONSTRUCTION, ATT. FORCIBLE",630,BURGLARY
DRIVING UNDER THE INFLUENCE,DRIVING WHILE UNDER THE INFLUENCE OF DRUGS,627,MISC OFFENSES
DRUG/NARCOTIC,UNDER INFLUENCE OF DRUGS IN A PUBLIC PLACE,621,DRUG/NARCOTIC
OTHER OFFENSES,"TRAFFIC COLLISION, HIT & RUN, PROPERTY DAMAGE",616,MISC OFFENSES
FRAUD,"FALSE PRETENSES, PETTY THEFT",611,OTHER FRAUD/FORGERY
ASSAULT,"ASSAULT, AGGRAVATED, W/ GUN",608,OTHER ASSAULT
DRUG/NARCOTIC,PLANTING/CULTIVATING MARIJUANA,601,DRUG/NARCOTIC
OTHER OFFENSES,MISCELLANEOUS STATE FELONY,595,MISC OFFENSES
OTHER OFFENSES,BEYOND PARENTAL CONTROL,586,MISC OFFENSES
WEAPON LAWS,POSS OF DEADLY WEAPON WITH INTENT TO ASSAULT,581,MISC OFFENSES
VANDALISM,"MALICIOUS MISCHIEF, BREAKING WINDOWS WITH BB GUN",576,VANDALISM
LARCENY/THEFT,ATTEMPTED SHOPLIFTING,573,OTHER LARCENY/THEFT
DRUG/NARCOTIC,POSSESSION OF AMPHETAMINE FOR SALES,571,DRUG/NARCOTIC
NON-CRIMINAL,"AIDED CASE, SICK PERSON",571,OTHER NON-CRIMINAL
LIQUOR LAWS,MISCELLANEOUS LIQOUR LAW VIOLATION,569,MISC OFFENSES
DRUG/NARCOTIC,TRANSPORTATION OF COCAINE,567,DRUG/NARCOTIC
ASSAULT,ASSAULT ON A POLICE OFFICER WITH A DEADLY WEAPON,565,OTHER ASSAULT
ROBBERY,CARJACKING WITH A GUN,564,ROBBERY
OTHER OFFENSES,CONTRIBUTING TO THE DELINQUENCY OF MINOR,544,MISC OFFENSES
ROBBERY,ROBBERY OF A RESIDENCE WITH BODILY FORCE,536,ROBBERY
OTHER OFFENSES,FALSE PERSONATION AND CHEAT CRIMES (GENERAL),533,MISC OFFENSES
OTHER OFFENSES,OPERATING TAXI WITHOUT A PERMIT,533,MISC OFFENSES
RECOVERED VEHICLE,"VEHICLE, RECOVERED, AUTO",521,VEHICLE THEFT
LARCENY/THEFT,ATTEMPTED THEFT FROM A BUILDING,519,OTHER LARCENY/THEFT
ARSON,ARSON OF AN INHABITED DWELLING,515,ARSON
WARRANTS,ENROUTE TO U.S. MARSHALL,505,WARRANTS
FORGERY/COUNTERFEITING,FORGERY & COUNTERFEITING (GENERAL),503,OTHER FRAUD/FORGERY
OTHER OFFENSES,DEFRAUDING TAXI DRIVER,500,MISC OFFENSES
FRAUD,"TRICK AND DEVICE, PETTY THEFT",495,OTHER FRAUD/FORGERY
WEAPON LAWS,"AMMUNITION, POSS. BY PROHIBITED PERSON",488,MISC OFFENSES
VEHICLE THEFT,TAMPERING WITH A VEHICLE,484,VEHICLE THEFT
VEHICLE THEFT,STOLEN MISCELLANEOUS VEHICLE,483,VEHICLE THEFT
SUSPICIOUS OCC,UNUSUAL OCCURENCE,478,SUSPICIOUS OCCURRENCE
OTHER OFFENSES,UNKNOWN COMPLAINT,469,MISC OFFENSES
OTHER OFFENSES,DISRUPTS SCHOOL ACTIVITIES,464,MISC OFFENSES
BURGLARY,"BURGLARY OF WAREHOUSE, FORCIBLE ENTRY",461,BURGLARY
DRUG/NARCOTIC,TRANSPORTATION OF METH-AMPHETAMINE,460,DRUG/NARCOTIC
BRIBERY,"DISSUADING WITNESS, VICTIM",456,MISC OFFENSES
BURGLARY,"BURGLARY OF STORE, ATTEMPTED FORCIBLE ENTRY",456,BURGLARY
ASSAULT,ATTEMPTED HOMICIDE WITH A KNIFE,446,OTHER ASSAULT
ROBBERY,ATTEMPTED ROBBERY WITH A GUN,441,ROBBERY
DRUG/NARCOTIC,UNDER THE INFLUENCE OF CONTROLLED SUBSTANCES,437,DRUG/NARCOTIC
EMBEZZLEMENT,EMBEZZLED VEHICLE,418,MISC OFFENSES
SUSPICIOUS OCC,"SUSPICIOUS AUTO, POSSIBLY SEX",418,SUSPICIOUS OCCURRENCE
LIQUOR LAWS,SALE OF ALCOHOL TO MINOR,417,MISC OFFENSES
ROBBERY,ATTEMPTED ROBBERY ON THE STREET W/DEADLY WEAPON,409,ROBBERY
"SEX OFFENSES, FORCIBLE","CHILD ABUSE, PORNOGRAPHY",409,MISC OFFENSES
ASSAULT,"CHILD, INFLICTING INJURY RESULTING IN TRAUMATIC CONDITION",407,OTHER ASSAULT
DISORDERLY CONDUCT,"DISTURBING THE PEACE, COMMOTION",404,MISC OFFENSES
ROBBERY,CARJACKING WITH BODILY FORCE,403,ROBBERY
WEAPON LAWS,CARRYING OF CONCEALED WEAPON BY CONVICTED FELON,401,MISC OFFENSES
EXTORTION,EXTORTION,397,MISC OFFENSES
LARCENY/THEFT,"LICENSE PLATE OR TAB, THEFT OF",395,OTHER LARCENY/THEFT
"SEX OFFENSES, FORCIBLE",SODOMY (ADULT VICTIM),395,MISC OFFENSES
ROBBERY,ATTEMPTED ROBBERY ON THE STREET WITH A KNIFE,393,ROBBERY
ASSAULT,"AGGRAVATED ASSAULT OF POLICE OFFICER,BODILY FORCE",391,OTHER ASSAULT
DRUG/NARCOTIC,SALE OF METH-AMPHETAMINE,390,DRUG/NARCOTIC
"SEX OFFENSES, FORCIBLE","ORAL COPULATION, UNLAWFUL (ADULT VICTIM)",389,MISC OFFENSES
LARCENY/THEFT,EMBEZZLEMENT FROM DEPENDENT OR ELDER ADULT BY CARETAKER,387,OTHER LARCENY/THEFT
"SEX OFFENSES, FORCIBLE",ORAL COPULATION,381,MISC OFFENSES
ROBBERY,"SHOPLIFTING, FORCE AGAINST AGENT",377,ROBBERY
LARCENY/THEFT,ATTEMPTED PETTY THEFT OF PROPERTY,375,OTHER LARCENY/THEFT
OTHER OFFENSES,CRUELTY TO ANIMALS,375,MISC OFFENSES
DISORDERLY CONDUCT,"DISTURBING THE PEACE, SWEARING",374,MISC OFFENSES
OTHER OFFENSES,POSSESSION OF BURGLARY TOOLS W/PRIORS,372,MISC OFFENSES
"SEX OFFENSES, FORCIBLE",ANNOY OR MOLEST CHILDREN,371,MISC OFFENSES
ROBBERY,ROBBERY OF A RESIDENCE WITH A GUN,358,ROBBERY
NON-CRIMINAL,"LICENSE PLATE, FOUND",356,OTHER NON-CRIMINAL
EXTORTION,ATTEMPTED EXTORTION,344,MISC OFFENSES
PROSTITUTION,HUMAN TRAFFICKING,344,MISC OFFENSES
OTHER OFFENSES,AGGRESSIVE SOLICITING,339,MISC OFFENSES
ASSAULT,THREATS TO SCHOOL TEACHERS,337,THREATS
"SEX OFFENSES, FORCIBLE","PENETRATION, FORCED, WITH OBJECT",333,MISC OFFENSES
LOITERING,OBSTRUCTING PUBLIC THOROUGHFARE,332,MISC OFFENSES
"SEX OFFENSES, NON FORCIBLE",UNLAWFUL SEXUAL INTERCOURSE,330,MISC OFFENSES
DRUG/NARCOTIC,POSSESSION OF OPIATES,326,DRUG/NARCOTIC
LARCENY/THEFT,ATTEMPTED THEFT FROM UNLOCKED VEHICLE,325,THEFT FROM AUTO
"SEX OFFENSES, FORCIBLE","ATTEMPTED RAPE, BODILY FORCE",324,MISC OFFENSES
BRIBERY,BRIBERY OF WITNESSES,318,MISC OFFENSES
PROSTITUTION,ENGAGING IN LEWD CONDUCT - PROSTITUTION RELATED,318,MISC OFFENSES
SUICIDE,ATTEMPTED SUICIDE,317,NON-CRIMINAL DEATH
DRUG/NARCOTIC,POSSESSION OF HALLUCINOGENIC,316,DRUG/NARCOTIC
ROBBERY,ATTEMPTED ROBBERY WITH A KNIFE,315,ROBBERY
BURGLARY,"BURGLARY OF WAREHOUSE, UNLAWFUL ENTRY",311,BURGLARY
ASSAULT,DISCHARGING IN GROSSLY NEGLIGENT MANNER,306,OTHER ASSAULT
DRUG/NARCOTIC,POSSESSION OF AMPHETAMINE,305,DRUG/NARCOTIC
OTHER OFFENSES,SPEEDING,304,MISC OFFENSES
FAMILY OFFENSES,"CHILDREN, ABANDONMENT & NEGLECT OF (GENERAL)",300,MISC OFFENSES
OTHER OFFENSES,THROWING SUBSTANCE AT VEHICLE,300,MISC OFFENSES
OTHER OFFENSES,"TRAFFIC COLLISION, HIT & RUN, INJURY",300,MISC OFFENSES
ARSON,ATTEMPTED ARSON,299,ARSON
ASSAULT,WILLFUL CRUELTY TO CHILD,296,OTHER ASSAULT
DRUG/NARCOTIC,POSSESSION OF HALLUCINOGENIC FOR SALES,284,DRUG/NARCOTIC
WEAPON LAWS,"WEAPON, POSSESS OR BRING OTHER ON SCHOOL GROUNDS",280,MISC OFFENSES
OTHER OFFENSES,HABITUAL TRUANT,274,MISC OFFENSES
BURGLARY,"BURGLARY OF HOTEL ROOM, FORCIBLE ENTRY",272,BURGLARY
FAMILY OFFENSES,DESERTION OF CHILD,270,MISC OFFENSES
BAD CHECKS,"CHECKS, NON-SUFFICIENT FUNDS (FELONY)",268,OTHER FRAUD/FORGERY
OTHER OFFENSES,FALSE REPORT OF CRIME,267,MISC OFFENSES
ROBBERY,ROBBERY OF A CHAIN STORE WITH A DANGEROUS WEAPON,266,ROBBERY
WEAPON LAWS,"FIREARM, ARMED WHILE POSSESSING CONTROLLED SUBSTANCE",265,MISC OFFENSES
FORGERY/COUNTERFEITING,"CHECKS, FORGERY (MISDEMEANOR)",264,OTHER FRAUD/FORGERY
ROBBERY,ATTEMPTED ROBBERY WITH A DEADLY WEAPON,263,ROBBERY
ROBBERY,ROBBERY OF A CHAIN STORE WITH A GUN,261,ROBBERY
EMBEZZLEMENT,"EMBEZZLEMENT, PETTY THEFT BY EMPLOYEE",260,MISC OFFENSES
DRUG/NARCOTIC,FORGE OR ALTER PRESCRIPTION,244,DRUG/NARCOTIC
"SEX OFFENSES, FORCIBLE","SEXUAL ASSAULT, AGGRAVATED, OF CHILD",244,MISC OFFENSES
WARRANTS,POST RELEASE COMMUNITY SUPERVISION,244,WARRANTS
GAMBLING,GAMBLING,243,MISC OFFENSES
ROBBERY,ROBBERY OF A BANK WITH BODILY FORCE,243,ROBBERY
OTHER OFFENSES,"SCHOOL PROPERTY, DISTURBANCE ON",242,MISC OFFENSES
ASSAULT,"RESISTING PEACE OFFICER, CAUSING THEIR SERIOUS INJURY OR DEATH",240,OTHER ASSAULT
OTHER OFFENSES,VIOLATION OF EMERGENCY PROTECTIVE ORDER,238,MISC OFFENSES
ASSAULT,UNLAWFUL DISSUADING/THREATENING OF A WITNESS,237,THREATS
FAMILY OFFENSES,MINOR WITHOUT PROPER PARENTAL CARE,235,MISC OFFENSES
OTHER OFFENSES,"MONEY, PROPERTY OR LABOR, FRAUDULENTLY OBTAINING",233,MISC OFFENSES
ASSAULT,"FIREARM,¬†DISCHARGING IN GROSSLY NEGLIGENT MANNER",232,OTHER ASSAULT
BURGLARY,"BURGLARY OF FLAT, ATTEMPTED FORCIBLE ENTRY",231,BURGLARY
BURGLARY,SAFE BURGLARY OF A STORE,231,BURGLARY
LARCENY/THEFT,ATTEMPTED THEFT OF A BICYCLE,231,OTHER LARCENY/THEFT
LARCENY/THEFT,ATTEMPTED GRAND THEFT FROM PERSON,230,OTHER LARCENY/THEFT
KIDNAPPING,"KIDNAPPING, JUVENILE VICTIM",229,MISC OFFENSES
WEAPON LAWS,"SWITCHBLADE KNIFE, POSSESSION",229,MISC OFFENSES
"SEX OFFENSES, FORCIBLE",SODOMY,226,MISC OFFENSES
ROBBERY,ROBBERY OF A BANK WITH A GUN,221,ROBBERY
ROBBERY,ROBBERY OF A COMMERCIAL ESTABLISHMENT W/ A KNIFE,221,ROBBERY
PROSTITUTION,PIMPING,219,MISC OFFENSES
FRAUD,IMPERSONATING A POLICE OFFICER,216,OTHER FRAUD/FORGERY
OTHER OFFENSES,PUBLIC TRANSIT CRIMES - INFRACTIONS,213,MISC OFFENSES
EMBEZZLEMENT,EMBEZZLEMENT (GENERAL),210,MISC OFFENSES
BURGLARY,"BURGLARY,APT UNDER CONSTRUCTION, UNLAWFUL ENTRY",208,BURGLARY
ASSAULT,ATTEMPTED HOMICIDE WITH A DANGEROUS WEAPON,207,OTHER ASSAULT
OTHER OFFENSES,FALSE FIRE ALARM,207,MISC OFFENSES
FAMILY OFFENSES,ABANDONMENT OF CHILD,206,MISC OFFENSES
VANDALISM,"MALICIOUS MISCHIEF, JUVENILE SUSPECT",205,VANDALISM
OTHER OFFENSES,INTOXICATED JUVENILE,204,MISC OFFENSES
OTHER OFFENSES,"TOBACCO PRODUCTS, SELLING OR FURNISHING TO MINOR",204,MISC OFFENSES
DRUG/NARCOTIC,SALE OF AMPHETAMINE,201,DRUG/NARCOTIC
FRAUD,FALSE REPORT OF EMERGENCY,201,OTHER FRAUD/FORGERY
LARCENY/THEFT,THEFT OF ANIMALS (GENERAL),198,OTHER LARCENY/THEFT
OTHER OFFENSES,EVADING A POLICE VEHICLE OR BICYCLE,197,MISC OFFENSES
ROBBERY,ROBBERY OF A SERVICE STATION WITH A GUN,197,ROBBERY
OTHER OFFENSES,OPEN CONTAINER OF ALCOHOL IN VEHICLE,192,MISC OFFENSES
ROBBERY,ROBBERY OF A BANK WITH A DANGEROUS WEAPON,187,ROBBERY
WEAPON LAWS,"WEAPON, DEADLY, CARRYING WITH INTENT TO COMMIT ASSAULT",186,MISC OFFENSES
"SEX OFFENSES, FORCIBLE","SEXUAL ASSAULT, ADMINISTERING DRUG TO COMMIT",182,MISC OFFENSES
WEAPON LAWS,POSS OF TEAR GAS WEAPON,182,MISC OFFENSES
DRUG/NARCOTIC,POSSESSION OF METHADONE,181,DRUG/NARCOTIC
ROBBERY,ROBBERY OF A CHAIN STORE WITH A KNIFE,181,ROBBERY
"SEX OFFENSES, FORCIBLE","CHILD ABUSE, EXPLOITATION",181,MISC OFFENSES
FRAUD,"TRICK AND DEVICE, ATTEMPTED",179,OTHER FRAUD/FORGERY
WEAPON LAWS,"WEAPON, ASSAULT, POSSESSION, MANUFACTURE, OR SALE",179,MISC OFFENSES
OTHER OFFENSES,INTERFERRING WITH A POLICE OFFICER,178,MISC OFFENSES
OTHER OFFENSES,POSSESSION OF FIRECRACKERS,177,MISC OFFENSES
VEHICLE THEFT,"AUTO, GRAND THEFT OF",176,VEHICLE THEFT
DRIVING UNDER THE INFLUENCE,"DRIVING WHILE UNDER THE INFLUENCE OF ALCOHOL, W/INJURY",175,MISC OFFENSES
LARCENY/THEFT,PETTY THEFT COIN OPERATED MACHINE,175,OTHER LARCENY/THEFT
WEAPON LAWS,LOCATED EXPLOSIVE DEVICE,175,MISC OFFENSES
ROBBERY,ATTEMPTED ROBBERY COMM. ESTAB. WITH BODILY FORCE,174,ROBBERY
ARSON,ARSON OF A COMMERCIAL BUILDING,173,ARSON
BURGLARY,SAFE BURGLARY,172,BURGLARY
OTHER OFFENSES,FAILURE TO HEED RED LIGHT AND SIREN,170,MISC OFFENSES
STOLEN PROPERTY,"STOLEN CHECKS, POSSESSION",169,OTHER LARCENY/THEFT
DRUG/NARCOTIC,FURNISHING MARIJUANA,168,DRUG/NARCOTIC
DRUG/NARCOTIC,TRANSPORTAION OF CONTROLLED SUBSTANCE,168,DRUG/NARCOTIC
VANDALISM,VANDALISM OR GRAFFITI ON OR WITHIN 100 FT OF HIGHWAY,168,VANDALISM
WEAPON LAWS,FIREARM WITH ALTERED IDENTIFICATION,166,MISC OFFENSES
SUICIDE,SUICIDE BY STRANGULATION,164,NON-CRIMINAL DEATH
PROSTITUTION,PANDERING,163,MISC OFFENSES
STOLEN PROPERTY,"STOLEN ACCESS CARD, POSSESSION",163,OTHER LARCENY/THEFT
BURGLARY,"BURGLARY, VEHICLE, ATT. (ARREST MADE)",161,BURGLARY
ROBBERY,ATTEMPTED ROBBERY CHAIN STORE WITH BODILY FORCE,161,ROBBERY
"SEX OFFENSES, FORCIBLE",ENGAGING IN LEWD ACT,161,MISC OFFENSES
ASSAULT,"FIREARM, DISCHARGING AT OCCUPIED BLDG, VEHICLE, OR AIRCRAFT",160,OTHER ASSAULT
DRUG/NARCOTIC,POSSESSION OF OPIATES FOR SALES,159,DRUG/NARCOTIC
OTHER OFFENSES,"PHONE CALLS, OBSCENE",158,MISC OFFENSES
WEAPON LAWS,SUSPICIOUS PACKAGE,156,MISC OFFENSES
LARCENY/THEFT,"THEFT, GRAND, OF FIREARM",152,OTHER LARCENY/THEFT
OTHER OFFENSES,DUMPING OF OFFENSIVE MATTER,151,MISC OFFENSES
DRUG/NARCOTIC,VISITING WHERE DRUGS ARE USED OR SMOKED,147,DRUG/NARCOTIC
VANDALISM,GRAFFITI ON GOVERNMENT VEHICLES OR PUBLIC TRANSPORTATION,147,VANDALISM
BURGLARY,"BURGLARY,APT UNDER CONSTRUCTION, FORCIBLE ENTRY",145,BURGLARY
FORGERY/COUNTERFEITING,"FORGERY, POSSESSION DRIVERS LICENSE OR ID-CARD",145,OTHER FRAUD/FORGERY
DRUG/NARCOTIC,"HYPODERMIC NEEDLE OR SYRINGE, POSSESSION",144,DRUG/NARCOTIC
SUICIDE,ATTEMPTED SUICIDE BY INGESTION,143,NON-CRIMINAL DEATH
WARRANTS,PAROLE SEARCH,142,WARRANTS
BURGLARY,"BURGLARY,FLAT UNDER CONSTRUCTION, UNLAWFUL ENTRY",141,BURGLARY
OTHER OFFENSES,"PROBATION VIOLATION, DV RELATED",141,MISC OFFENSES
BURGLARY,"BURGLARY,FLAT UNDER CONSTRUCTION, FORCIBLE ENTRY",137,BURGLARY
LARCENY/THEFT,ATTEMPTED AUTO STRIP,137,THEFT FROM AUTO
OTHER OFFENSES,PLACING TRASH ON THE STREET,137,MISC OFFENSES
KIDNAPPING,"ATTEMPTED KIDNAPPING, ADULT VICTIM",134,MISC OFFENSES
ROBBERY,ROBBERY OF A COMMERCIAL ESTABLISHMENT W/ WEAPON,134,ROBBERY
SUICIDE,SUICIDE BY JUMPING,133,NON-CRIMINAL DEATH
NON-CRIMINAL,MISPLACED VEHICLE,132,OTHER NON-CRIMINAL
OTHER OFFENSES,"COMPUTER SYSTEM, ACCESSING, COPYING, OR DAMAGING",132,MISC OFFENSES
NON-CRIMINAL,"CIVIL SIDEWALKS, BOOKING",131,OTHER NON-CRIMINAL
"SEX OFFENSES, FORCIBLE","FORCIBLE RAPE, ARMED WITH A SHARP INSTRUMENT",131,MISC OFFENSES
VEHICLE THEFT,STOLEN TRAILER,131,VEHICLE THEFT
DRUG/NARCOTIC,TRANSPORTATION OF HEROIN,130,DRUG/NARCOTIC
FRAUD,"CREDIT CARD, INCOMPLETE OR COUNTERFEIT",130,OTHER FRAUD/FORGERY
OTHER OFFENSES,"DOG, STRAY OR VICIOUS",130,MISC OFFENSES
ASSAULT,THREATENING SCHOOL OR PUBLIC EMPLOYEE,129,THREATS
VANDALISM,"MALICIOUS MISCHIEF, FICTITIOUS PHONE CALLS",128,VANDALISM
WEAPON LAWS,"FIREARM, CARRYING LOADED WITH INTENT TO COMMIT FELONY",128,MISC OFFENSES
STOLEN PROPERTY,"STOLEN CELLULAR PHONE, NON-CLONED, POSSESSION",121,OTHER LARCENY/THEFT
OTHER OFFENSES,MASSAGE ESTABLISHMENT PERMIT VIOLATION,119,MISC OFFENSES
OTHER OFFENSES,INDECENT EXPOSURE (JUVENILE VICTIM),118,MISC OFFENSES
ASSAULT,ATTEMPTED HOMICIDE WITH BODILY FORCE,117,OTHER ASSAULT
KIDNAPPING,KIDNAPPING DURING ROBBERY,117,MISC OFFENSES
ROBBERY,ATTEMPTED ROBBERY COMM. ESTABLISHMENT WITH A GUN,115,ROBBERY
EMBEZZLEMENT,"EMBEZZLEMENT, PETTY THEFT",114,MISC OFFENSES
OTHER OFFENSES,VIOLATION OF FEDERAL STATUTE,114,MISC OFFENSES
FRAUD,"FALSE CLAIMS, PRESENTING TO GOVERNMENT",113,OTHER FRAUD/FORGERY
SUICIDE,ATTEMPTED SUICIDE BY LACERATION,113,NON-CRIMINAL DEATH
SUICIDE,SUICIDE BY FIREARMS,113,NON-CRIMINAL DEATH
LARCENY/THEFT,THEFT OF UTILITY SERVICES,112,OTHER LARCENY/THEFT
OTHER OFFENSES,PEEPING TOM,112,MISC OFFENSES
VANDALISM,"MALICIOUS MISCHIEF, BUILDING UNDER CONSTRUCTION",111,VANDALISM
ARSON,"FIRE, UNLAWFULLY CAUSING",109,ARSON
ASSAULT,MAYHEM WITH BODILY FORCE,107,OTHER ASSAULT
ROBBERY,"ROBBERY,  ATM, FORCE, ATT.",107,ROBBERY
DRUG/NARCOTIC,POSSESSION OF METHADONE FOR SALES,106,DRUG/NARCOTIC
STOLEN PROPERTY,"STOLEN ELECTRONICS, POSSESSION",106,OTHER LARCENY/THEFT
FORGERY/COUNTERFEITING,"IDENTIFICATION, GOVERNMENT, POSSESS, MAKE OR SELL FALSE",101,OTHER FRAUD/FORGERY
OTHER OFFENSES,SELLING/DISCHARGING OF FIRECRACKERS,99,MISC OFFENSES
LARCENY/THEFT,GRAND THEFT BY PROSTITUTE,98,OTHER LARCENY/THEFT
OTHER OFFENSES,POSSESSION OF ARTICLES WITH IDENTIFICATION REMOVE,98,MISC OFFENSES
OTHER OFFENSES,"VEHICLE, DISABLED PLACARD VIOLATION",98,MISC OFFENSES
ROBBERY,ROBBERY OF A RESIDENCE WITH A KNIFE,98,ROBBERY
ASSAULT,MAYHEM WITH A DEADLY WEAPON,97,OTHER ASSAULT
PROSTITUTION,INDECENT EXPOSURE - PROSTITUTION RELATED,97,MISC OFFENSES
STOLEN PROPERTY,"STOLEN COMPUTER, POSSESSION",97,OTHER LARCENY/THEFT
WEAPON LAWS,"FLAMMABLE OR EXPLOSIVE DEVICE, POSSESSION",96,MISC OFFENSES
KIDNAPPING,"ATTEMPTED KIDNAPPING, JUVENILE VICTIM",95,MISC OFFENSES
BURGLARY,"BURGLARY,RESIDENCE UNDER CONSTRT, ATT. FORCIBLE",94,BURGLARY
LOITERING,UNLAWFUL ASSEMBLY,94,MISC OFFENSES
FAMILY OFFENSES,FAILURE TO PROVIDE FOR CHILD,93,MISC OFFENSES
LARCENY/THEFT,"THEFT, BICYCLE, <$50, NO SERIAL NUMBER",91,OTHER LARCENY/THEFT
NON-CRIMINAL,"CIVIL SIDEWALKS, VIOLATION",91,OTHER NON-CRIMINAL
OTHER OFFENSES,"LICENSE PLATE, STOLEN",90,MISC OFFENSES
PROSTITUTION,SOLICITS LEWD ACT,90,MISC OFFENSES
ROBBERY,ROBBERY OF A RESIDENCE WITH A DANGEROUS WEAPON,88,ROBBERY
WEAPON LAWS,TAMPERING WITH MARKS ON FIREARM,88,MISC OFFENSES
LARCENY/THEFT,GRAND THEFT MOTORCYCLE STRIP,87,THEFT FROM AUTO
VANDALISM,DAMAGE TO FIRE ALARM APPARATUS,87,VANDALISM
FRAUD,"CELLULAR OR CORDLESS PHONE COMMUNICATIONS, INTERCEPTING",86,OTHER FRAUD/FORGERY
LARCENY/THEFT,GRAND THEFT COIN OPERATED MACHINE,86,OTHER LARCENY/THEFT
OTHER OFFENSES,PERJURY,86,MISC OFFENSES
"SEX OFFENSES, FORCIBLE","FORCIBLE RAPE, ARMED WITH A DANGEROUS WEAPON",85,MISC OFFENSES
BURGLARY,SAFE BURGLARY OF A RESIDENCE,84,BURGLARY
OTHER OFFENSES,OTHER OFFENSES AGAINST PUBLIC JUSTICE,84,MISC OFFENSES
OTHER OFFENSES,"PERMIT VIOLATION, ENTERTAINMENT",84,MISC OFFENSES
LARCENY/THEFT,ATTEMPTED GRAND THEFT PICKPOCKET,82,OTHER LARCENY/THEFT
OTHER OFFENSES,PHONE CALLS IN VIOLATION OF DV COURT ORDER,82,MISC OFFENSES
BURGLARY,"BURGLARY OF WAREHOUSE, ATTEMPTED FORCIBLE ENTRY",81,BURGLARY
LARCENY/THEFT,ATTEMPTED GRAND THEFT PURSESNATCH,81,OTHER LARCENY/THEFT
OTHER OFFENSES,INDECENT EXPOSURE WITH PRIOR CONVICTION,80,MISC OFFENSES
WEAPON LAWS,"WEAPON, DEADLY, EXHIBITING TO RESIST ARREST",79,RESISTING ARREST
ARSON,ARSON OF A VACANT BUILDING,78,ARSON
OTHER OFFENSES,VIOLATION OF FIRE CODE,78,MISC OFFENSES
PROSTITUTION,INMATE/KEEPER OF HOUSE OF PROSTITUTION,77,MISC OFFENSES
VEHICLE THEFT,"VEHICLE, RECOVERED, CAMPER-HOUSE CAR-MOTOR HOME",76,VEHICLE THEFT
FORGERY/COUNTERFEITING,MANUFACTURE OR SALE OF COUNTERFEIT GOODS,75,OTHER FRAUD/FORGERY
OTHER OFFENSES,EVADING PAYMENT OF RAILROAD FARE,75,MISC OFFENSES
ROBBERY,ATTEMPTED ROBBERY RESIDENCE WITH BODILY FORCE,75,ROBBERY
LOITERING,LOITERING ABOUT SCHOOL/PLAYGROUND,74,MISC OFFENSES
WEAPON LAWS,POSSESSION OF EXPLOSIVE DEVICE,74,MISC OFFENSES
DRUG/NARCOTIC,POSSESSION OF OPIUM,72,DRUG/NARCOTIC
VANDALISM,DAMAGE TO MAIL BOX,72,VANDALISM
"SEX OFFENSES, FORCIBLE",ASSAULT TO COMMIT MAYHEM OR SPECIFIC SEX OFFENSES,70,MISC OFFENSES
SUICIDE,ATTEMPTED SUICIDE BY JUMPING,70,NON-CRIMINAL DEATH
FORGERY/COUNTERFEITING,"FORGERY, GOVERNMENT OR CORPORATE SEALS",69,OTHER FRAUD/FORGERY
ROBBERY,ATTEMPTED ROBBERY COMM. ESTAB. WITH DEADLY WEAPON,69,ROBBERY
WEAPON LAWS,POSSESSION OF CAUSTIC CHEMICAL,69,MISC OFFENSES
OTHER OFFENSES,ADVERTISING DISTRIBUTORS PERMIT VIOLATION,67,MISC OFFENSES
ROBBERY,ATTEMPTED ROBBERY RESIDENCE WITH A GUN,67,ROBBERY
LOITERING,"CASH DISPENSING MACHINES (ATM), LOITERING PROHIBI",66,MISC OFFENSES
NON-CRIMINAL,"TRUANT, HABITUAL",66,OTHER NON-CRIMINAL
OTHER OFFENSES,SPITTING ON SIDEWALK,66,MISC OFFENSES
ROBBERY,CARJACKING WITH A KNIFE,66,ROBBERY
DRUG/NARCOTIC,SALE OF HALLUCINOGENIC,63,DRUG/NARCOTIC
FRAUD,"SHORT CHANGE, PETTY THEFT",63,OTHER FRAUD/FORGERY
LIQUOR LAWS,LICENSE REQUIRED TO SELL ALCOHOL,63,MISC OFFENSES
DRUG/NARCOTIC,POSSESSION OF OPIUM DERIVATIVE,62,DRUG/NARCOTIC
LARCENY/THEFT,"THEFT, BICYCLE, <$50, SERIAL NUMBER KNOWN",61,OTHER LARCENY/THEFT
LIQUOR LAWS,UNLAWFUL TRANSPORTATION OF ALCOHOL,61,MISC OFFENSES
OTHER OFFENSES,"PERMIT VIOLATION, SIDEWALK SALES",61,MISC OFFENSES
ROBBERY,CARJACKING WITH A DANGEROUS WEAPON,61,ROBBERY
SUICIDE,SUICIDE,61,NON-CRIMINAL DEATH
LARCENY/THEFT,PETTY THEFT MOTORCYCLE STRIP,59,THEFT FROM AUTO
OTHER OFFENSES,AID OR HARBOR FELON,59,MISC OFFENSES
OTHER OFFENSES,"SCHOOL, PUBLIC, TRESPASS",59,MISC OFFENSES
WEAPON LAWS,"FIREARM, NEGLIGENT DISCHARGE",59,MISC OFFENSES
ROBBERY,ROBBERY OF A SERVICE STATION WITH BODILY FORCE,58,ROBBERY
DRUG/NARCOTIC,MONEY OFFENSE RELATED TO NARCOTICS TRAFFICKING,57,DRUG/NARCOTIC
ROBBERY,ATTEMPTED ROBBERY OF A BANK WITH BODILY FORCE,57,ROBBERY
ASSAULT,AGGRAVATED ASSAULT ON POLICE OFFICER WITH A KNIFE,56,OTHER ASSAULT
ASSAULT,ATTEMPTED MAYHEM WITH A DEADLY WEAPON,56,OTHER ASSAULT
"SEX OFFENSES, NON FORCIBLE","OBSCENE MATTER, DISTRIBUTION TO MINORS",56,MISC OFFENSES
BURGLARY,"BURGLARY,BLDG. UNDER CONSTRUCTION, ATT. FORCIBLE",55,BURGLARY
SECONDARY CODES,BATTERY BY JUVENILE SUSPECT,53,MISC OFFENSES
TRESPASS,LOITERING WITHOUT LAWFUL BUSINESS WITH OWNER OR OCCUPANT,53,TRESPASSING
EMBEZZLEMENT,"EMBEZZLEMENT, GRAND THEFT BY BROOKERS/AGENTS",52,MISC OFFENSES
LOITERING,INCITING TO RIOT,52,MISC OFFENSES
ROBBERY,ATTEMPTED ROBBERY CHAIN STORE WITH A GUN,52,ROBBERY
VANDALISM,"AEROSOL CONTAINER; SALE, PURCHASE OR POSSESSION OF",52,VANDALISM
GAMBLING,POSSESSION OF GAMBLING DEVICES,51,MISC OFFENSES
SUICIDE,ATTEMPTED SUICIDE BY STRANGULATION,50,NON-CRIMINAL DEATH
FRAUD,"PRIVACY, INVASION OF  (GENERAL)",49,OTHER FRAUD/FORGERY
LARCENY/THEFT,ATTEMPTED THEFT COIN OPERATED MACHINE,49,OTHER LARCENY/THEFT
LARCENY/THEFT,"THEFT, DRUNK ROLL, $200-$400",49,OTHER LARCENY/THEFT
ASSAULT,MAYHEM WITH A KNIFE,48,OTHER ASSAULT
RECOVERED VEHICLE,"VEHICLE, RECOVERED, CAMPER-HOUSE CAR-MOTOR HOME",48,VEHICLE THEFT
WEAPON LAWS,FIREARM POSSESSION IN SCHOOL ZONE,48,MISC OFFENSES
WEAPON LAWS,DESTRUCTION OF PROPERTY WITH EXPLOSIVES,47,MISC OFFENSES
DRUG/NARCOTIC,SALES COCAINE BASE/SCHOOLYARD TRAFFICKING ACT VIO,46,DRUG/NARCOTIC
FORGERY/COUNTERFEITING,FALSIFYING JUDICIAL & PUBLIC RECORDS & DOCUMENTS,46,OTHER FRAUD/FORGERY
GAMBLING,POSSESSION OF GAMBLING PARAPHERNALIA,46,MISC OFFENSES
OTHER OFFENSES,"DOG, BARKING",46,MISC OFFENSES
BURGLARY,"BURGLARY,HOTEL UNDER CONSTRUCTION, UNLAWFUL ENTRY",45,BURGLARY
OTHER OFFENSES,DRIVES VEHICLE ALONG TRACK OF RAILROAD,45,MISC OFFENSES
LOITERING,REMAINING ON CAMPUS WITHOUT CONSENT,44,MISC OFFENSES
RECOVERED VEHICLE,"VEHICLE, RECOVERED, MOTORCYCLE",44,VEHICLE THEFT
"SEX OFFENSES, FORCIBLE","FORCIBLE RAPE, ARMED WITH A GUN",44,MISC OFFENSES
FAMILY OFFENSES,IMMORAL ACTS OR DRUNK IN PRESENCE OF CHILD,43,MISC OFFENSES
LARCENY/THEFT,PETTY THEFT PHONE BOOTH,43,OTHER LARCENY/THEFT
LOITERING,REFUSING TO DISPERSE UPON LAWFUL COMMAND,43,MISC OFFENSES
PORNOGRAPHY/OBSCENE MAT,POSSESSION OF OBSCENE MATTER FOR SALE,43,MISC OFFENSES
VANDALISM,"ELECTRICAL  OR GAS LINES, INTERFERING WITH",43,VANDALISM
EMBEZZLEMENT,"EMBEZZLEMENT, GRAND THEFT LEASED PROPERTY",42,MISC OFFENSES
FRAUD,REAL ESTATE FRAUD,42,OTHER FRAUD/FORGERY
DRUG/NARCOTIC,SALE OF OPIATES,40,DRUG/NARCOTIC
LOITERING,LOITERS AROUND PUBLIC TOILET FOR LEWD ACT,40,MISC OFFENSES
NON-CRIMINAL,"DEATH, ACCIDENTAL",40,NON-CRIMINAL DEATH
OTHER OFFENSES,"ANIMAL, WITHOUT PROPER CARE OR ATTENTION",40,MISC OFFENSES
WEAPON LAWS,POSS OF FIRE BOMB,40,MISC OFFENSES
LIQUOR LAWS,SALE OF ALCOHOL AFTER HOURS,39,MISC OFFENSES
OTHER OFFENSES,"DRIVING, RECKLESS, WITH INJURY",39,MISC OFFENSES
OTHER OFFENSES,ESCAPE FROM JAIL,39,MISC OFFENSES
OTHER OFFENSES,TAMPERING WITH MAIL,39,MISC OFFENSES
ROBBERY,ATTEMPTED ROBBERY OF A BANK WITH A DEADLY WEAPON,38,ROBBERY
LARCENY/THEFT,"THEFT OF TELECOMMUNICATION SERVICES, INCL. CLONE PHONE",37,OTHER LARCENY/THEFT
LIQUOR LAWS,MINOR ON ON-SALE LICENSED PREMISE,37,MISC OFFENSES
OTHER OFFENSES,"ESCAPEE, JUVENILE",37,MISC OFFENSES
ROBBERY,ATTEMPTED ROBBERY CHAIN STORE WITH DEADLY WEAPON,37,ROBBERY
ROBBERY,"ROBBERY,  ATM, OTHER WEAPON",37,ROBBERY
WEAPON LAWS,VIOLATION OF RESTRICTIONS ON A FIREARM TRANSFER,37,MISC OFFENSES
WEAPON LAWS,"WEAPON, POSSESSING IN PUBLIC BUILDING OR OPEN MEETING",37,MISC OFFENSES
BURGLARY,"BURGLARY OF HOTEL ROOM, ATTEMPTED FORCIBLE ENTRY",36,BURGLARY
OTHER OFFENSES,"EVADING A POLICE OFFICER, INJURY OR DEATH",36,MISC OFFENSES
ROBBERY,ATTEMPTED ROBBERY COMM. ESTABLISHMENT W/KNIFE,36,ROBBERY
"SEX OFFENSES, FORCIBLE",ASSAULT TO RAPE WITH A DANGEROUS WEAPON,36,MISC OFFENSES
SUICIDE,SUICIDE BY ASPHYXIATION,36,NON-CRIMINAL DEATH
DRUG/NARCOTIC,FAILURE TO REGISTER AS NARCOTICS ADDICT,35,DRUG/NARCOTIC
DRUG/NARCOTIC,"PRESCRIPTION, FORGE OR ALTER (4390 B&P)",35,DRUG/NARCOTIC
LARCENY/THEFT,"THEFT, DRUNK ROLL, >$400",35,OTHER LARCENY/THEFT
LARCENY/THEFT,"THEFT, GRAND, BY FIDUCIARY, >$400 IN 12 MONTHS",35,OTHER LARCENY/THEFT
OTHER OFFENSES,"PHONE CALLS, HARASSING, TO 911",35,MISC OFFENSES
OTHER OFFENSES,"VIN, ALTER OR REMOVE",35,MISC OFFENSES
VANDALISM,DAMAGE/DESTRUCTION OF MAIL,35,VANDALISM
OTHER OFFENSES,"FIREARMS, SEIZING AT SCENE OF DV",34,MISC OFFENSES
WEAPON LAWS,POSSESSION OF MACHINE GUN,34,MISC OFFENSES
ASSAULT,ATTEMPTED MAYHEM WITH A KNIFE,33,OTHER ASSAULT
DRIVING UNDER THE INFLUENCE,"DRIVING WHILE UNDER THE INFLUENCE OF DRUGS, W/INJURY",33,MISC OFFENSES
ROBBERY,ATTEMPTED ROBBERY OF A BANK WITH A GUN,33,ROBBERY
"SEX OFFENSES, FORCIBLE","RAPE, SPOUSAL",33,MISC OFFENSES
TRESPASS,TRESPASSING ON RAILROAD TRAINS,33,TRESPASSING
FAMILY OFFENSES,CONCEALMENT/REMOVAL OF CHILD WITHOUT CONSENT,32,MISC OFFENSES
ASSAULT,BATTERY DURING LABOR DISPUTE,31,BATTERY
NON-CRIMINAL,"DEATH, NON-MANSLAUGHTER AUTO ACCIDENT",31,NON-CRIMINAL DEATH
OTHER OFFENSES,SOLICITING COMMISSION OF A CRIME,30,MISC OFFENSES
ASSAULT,"ASSAULT, AGGRAVATED, ON POLICE OFFICER, W/ GUN",29,OTHER ASSAULT
LARCENY/THEFT,"THEFT, DRUNK ROLL, $50-$200",29,OTHER LARCENY/THEFT
OTHER OFFENSES,FORTUNE TELLING,29,MISC OFFENSES
OTHER OFFENSES,"VEHICLE ALARM CODE GRABBING DEVICE, POSSESS OR USE",29,MISC OFFENSES
OTHER OFFENSES,VIOLATION OF CIVIL GANG INJUNCTION,29,MISC OFFENSES
ROBBERY,"ROBBERY,  ATM, GUN",29,ROBBERY
VEHICLE THEFT,"VEHICLE, RENTAL, FAILURE TO RETURN",29,VEHICLE THEFT
SUICIDE,ATTEMPTED SUICIDE BY ASPHYXIATION,28,NON-CRIMINAL DEATH
WEAPON LAWS,COMMISSION OF FELONY WHILE ARMED,28,MISC OFFENSES
NON-CRIMINAL,"DEMONSTRATION, VIDEO EVIDENCE, MISC. INVESTIGATION",27,OTHER NON-CRIMINAL
SECONDARY CODES,WEAPONS POSSESSION BY JUVENILE SUSPECT,27,MISC OFFENSES
DRUG/NARCOTIC,ENCOURAGING MINOR TO USE MARIJUANA,26,DRUG/NARCOTIC
FRAUD,"AUDIOVISUAL (VIDEO OR SOUND) RECORDINGS, UNAUTHORIZED",26,OTHER FRAUD/FORGERY
FRAUD,DEFRAUDING OF VEHICLE REPAIRMAN,26,OTHER FRAUD/FORGERY
NON-CRIMINAL,ACCIDENTAL SHOOTING,26,OTHER NON-CRIMINAL
OTHER OFFENSES,DISPLAY & SALE OF SPRAY PAINT & MARKER PENS,26,MISC OFFENSES
OTHER OFFENSES,SALE OF SATELLITE TELEPHONE NUMBER,26,MISC OFFENSES
"SEX OFFENSES, NON FORCIBLE",INCEST,26,MISC OFFENSES
VANDALISM,VANDALISM WITH NOXIOUS CHEMICAL,26,VANDALISM
BURGLARY,"BURGLARY,WAREHOUSE UNDER CONSTRT, FORCIBLE ENTRY",25,BURGLARY
LOITERING,LODGING IN PARK,25,MISC OFFENSES
OTHER OFFENSES,JUVENILE PAROLE VIOLATOR,25,MISC OFFENSES
OTHER OFFENSES,RIOT,25,MISC OFFENSES
VEHICLE THEFT,"VEHICLE, RECOVERED, MOBILE HOME-TRAILER",25,VEHICLE THEFT
DRUG/NARCOTIC,SALE OF METHADONE,24,DRUG/NARCOTIC
NON-CRIMINAL,AUTO IMPOUNDED,24,OTHER NON-CRIMINAL
OTHER OFFENSES,OPERATING WITHOUT CABARET PERMIT,24,MISC OFFENSES
OTHER OFFENSES,THROWING INJURIOUS SUBSTANCE ON HIGHWAY,24,MISC OFFENSES
ASSAULT,ATTEMPTED MAYHEM WITH BODILY FORCE,23,OTHER ASSAULT
BURGLARY,"BURGLARY,APT UNDER CONSTRUCTION, ATT. FORCIBLE",23,BURGLARY
BURGLARY,"BURGLARY,HOTEL UNDER CONSTRUCTION, FORCIBLE ENTRY",23,BURGLARY
LARCENY/THEFT,"THEFT, BOAT",23,OTHER LARCENY/THEFT
LARCENY/THEFT,"THEFT, DRUNK ROLL, <$50",23,OTHER LARCENY/THEFT
LIQUOR LAWS,MINOR PURCHASING ALCOHOL,23,MISC OFFENSES
OTHER OFFENSES,ESCAPE OR ASSISTING ESCAPE,23,MISC OFFENSES
OTHER OFFENSES,LYNCHING BY RIOT,23,MISC OFFENSES
ROBBERY,ROBBERY OF A SERVICE STATION W/DANGEROUS WEAPON,23,ROBBERY
ROBBERY,"ROBBERY,  ATM, KNIFE",23,ROBBERY
WEAPON LAWS,"WEAPON, TAKING OR ATTEMPTING TO TAKE FROM PEACE OFFICER",23,MISC OFFENSES
LIQUOR LAWS,FALSE EVIDENCE OF AGE BY MINOR,22,MISC OFFENSES
NON-CRIMINAL,YOUTH COURT,22,OTHER NON-CRIMINAL
OTHER OFFENSES,"THROWING OBJECT AT COMMON CARRIER, PASSENGER OR FREIGHT",22,MISC OFFENSES
ROBBERY,ATTEMPTED ROBBERY CHAIN STORE WITH A KNIFE,22,ROBBERY
ASSAULT,"CIVIL RIGHTS, INCL. INJURY, THREAT, OR DAMAGE (HATE CRIMES)",21,OTHER ASSAULT
BURGLARY,SAFE BURGLARY OF A HOTEL,21,BURGLARY
FORGERY/COUNTERFEITING,"TELEPHONE OR TELEGRAPH MESSAGE, SENDING FALSE",21,OTHER FRAUD/FORGERY
LIQUOR LAWS,SELL OR FURNISH ALCOHOL TO INTOXICATED PERSON,21,MISC OFFENSES
OTHER OFFENSES,"HAZARDOUS SUBSTANCES, DEPOSITING",21,MISC OFFENSES
ROBBERY,ATTEMPTED ROBBERY RESIDENCE WITH A DEADLY WEAPON,21,ROBBERY
"SEX OFFENSES, FORCIBLE",ASSAULT TO RAPE WITH A SHARP INSTRUMENT,21,MISC OFFENSES
BRIBERY,"CONCEAL CRIME OR WITHHOLD EVIDENCE, ACCEPTING PAYMENT TO",20,MISC OFFENSES
DRUG/NARCOTIC,POSSESSION OF OPIUM DERIVATIVE FOR SALES,20,DRUG/NARCOTIC
FRAUD,FRAUDULENT AUCTION,20,OTHER FRAUD/FORGERY
LARCENY/THEFT,THEFT OF WRITTEN INSTRUMENT,20,OTHER LARCENY/THEFT
OTHER OFFENSES,MINOR PURCHASING OR RECEIVING TOBACCO PRODUCT,20,MISC OFFENSES
OTHER OFFENSES,OPERATING WITHOUT DANCEHALL PERMIT,20,MISC OFFENSES
OTHER OFFENSES,TAKING CONTRABAND INTO A REFORMATORY,20,MISC OFFENSES
ROBBERY,ATTEMPTED ROBBERY RESIDENCE WITH A KNIFE,20,ROBBERY
SUICIDE,SUICIDE BY LACERATION,20,NON-CRIMINAL DEATH
VANDALISM,DAMAGE TO PARKING METERS,20,VANDALISM
ASSAULT,ASSAULT BY POISONING,19,OTHER ASSAULT
BRIBERY,BRIBERY OF EXECUTIVE OFFICER,19,MISC OFFENSES
DRUG/NARCOTIC,TRANSPORTATION OF OPIATES,19,DRUG/NARCOTIC
EMBEZZLEMENT,"EMBEZZLEMENT, GRAND THEFT PRIVATE PROPERTY",19,MISC OFFENSES
FORGERY/COUNTERFEITING,"FINANCIAL STATEMENTS, FALSE",19,OTHER FRAUD/FORGERY
FRAUD,"ACCESS CARD INFORMATION, PUBLICATION OF",19,OTHER FRAUD/FORGERY
OTHER OFFENSES,POISONING ANIMALS,19,MISC OFFENSES
"SEX OFFENSES, NON FORCIBLE","SEXUAL CONTACT WITH PATIENT, FORMER PATIENT",19,MISC OFFENSES
SUICIDE,ATTEMPTED SUICIDE BY FIREARMS,19,NON-CRIMINAL DEATH
VEHICLE THEFT,STOLEN BUS,19,VEHICLE THEFT
BURGLARY,SAFE BURGLARY OF A WAREHOUSE,18,BURGLARY
BURGLARY,SAFE BURGLARY OF AN APARTMENT,18,BURGLARY
NON-CRIMINAL,MEGAN'S LAW NOTIFICATION,18,OTHER NON-CRIMINAL
SECONDARY CODES,ASSAULT BY JUVENILE SUSPECT,18,MISC OFFENSES
"SEX OFFENSES, FORCIBLE","ATTEMPTED RAPE, ARMED WITH A SHARP INSTRUMENT",18,MISC OFFENSES
ASSAULT,TRESPASS WITHIN 30 DAYS OF CREDIBLE THREAT,17,OTHER ASSAULT
OTHER OFFENSES,"FIREWORKS, THROW AT PERSON OR DISCHARGE IN CROWD",17,MISC OFFENSES
OTHER OFFENSES,"HAZARDOUS MATERIALS, DUMPING IN UNAUTHORIZED LOCATN",17,MISC OFFENSES
OTHER OFFENSES,VIOLATION OF STATE LABOR CODE,17,MISC OFFENSES
ROBBERY,ROBBERY OF A SERVICE STATION WITH A KNIFE,17,ROBBERY
KIDNAPPING,KIDNAPPING DURING CARJACKING,16,MISC OFFENSES
OTHER OFFENSES,ABORTION,16,MISC OFFENSES
OTHER OFFENSES,INTERFERRING WITH A FIREMAN,16,MISC OFFENSES
OTHER OFFENSES,SCALPING TICKETS,16,MISC OFFENSES
STOLEN PROPERTY,"STOLEN METALS, RECEIVING",16,OTHER LARCENY/THEFT
WEAPON LAWS,"FIREARM, POSSESSION OF WHILE WEARING MASK",16,MISC OFFENSES
ASSAULT,AGGRAVATED ASSAULT ON POLICE OFFICER WITH A GUN,15,OTHER ASSAULT
ASSAULT,THREAT TO STATE OFFICIAL OR JUDGE,15,THREATS
FRAUD,IMPERSONATING PUBLIC UTILITY MEMBER,15,OTHER FRAUD/FORGERY
LARCENY/THEFT,GRAND THEFT PHONE BOOTH,15,OTHER LARCENY/THEFT
OTHER OFFENSES,CURFEW VIOLATION,15,MISC OFFENSES
OTHER OFFENSES,DISCHARGING OFFENSIVE OR INJURIOUS SUBSTANCE IN PUBLIC AREA,15,MISC OFFENSES
OTHER OFFENSES,HEATING VIOLATION  APT/HOTEL,15,MISC OFFENSES
DRUG/NARCOTIC,TRANSPORTATION OF HALLUCINOGENIC,14,DRUG/NARCOTIC
NON-CRIMINAL,"DEATH REPORT, IN CUSTODY",14,NON-CRIMINAL DEATH
OTHER OFFENSES,"ANIMAL, FIGHTING",14,MISC OFFENSES
OTHER OFFENSES,OVERCHARGING TAXI FARE,14,MISC OFFENSES
"SEX OFFENSES, FORCIBLE",ASSAULT TO RAPE WITH A GUN,14,MISC OFFENSES
TRESPASS,TRESPASSING OR LOITERING NEAR POSTED INDUSTRIAL PROPERTY,14,TRESPASSING
LARCENY/THEFT,"TRADE SECRETS, THEFT OR UNAUTHORIZED COPYING",13,OTHER LARCENY/THEFT
LIQUOR LAWS,SALE OF ALCOHOL BY MINOR,13,MISC OFFENSES
OTHER OFFENSES,"BATHROOM HOLE, LOOKING THROUGH",13,MISC OFFENSES
OTHER OFFENSES,WEARING MASK OR DISGUISE FOR UNLAWFUL PURPOSE,13,MISC OFFENSES
ROBBERY,ATTEMPTED ROBBERY SERVICE STATION WITH A GUN,13,ROBBERY
ROBBERY,ROBBERY OF A BANK WITH A KNIFE,13,ROBBERY
BURGLARY,"BURGLARY,WAREHOUSE UNDER CONSTRT, UNLAWFUL ENTRY",12,BURGLARY
DRUG/NARCOTIC,POSSESSION OF BARBITUATES,12,DRUG/NARCOTIC
DRUG/NARCOTIC,POSSESSION OF OPIUM FOR SALES,12,DRUG/NARCOTIC
FRAUD,PUTTING SLUGS IN TELEPHONE BOX,12,OTHER FRAUD/FORGERY
OTHER OFFENSES,ESCAPE OF PRISONER WHILE HOSPITALIZED,12,MISC OFFENSES
OTHER OFFENSES,RESCUING PRISONER FROM LAWFUL CUSTODY,12,MISC OFFENSES
OTHER OFFENSES,UNAUTHORIZED USE OF LOUD SPEAKERS,12,MISC OFFENSES
PROSTITUTION,PLACING WIFE IN HOUSE OF PROSTITUTION,12,MISC OFFENSES
ROBBERY,ATTEMPTED ROBBERY SERVICE STATION W/BODILY FORCE,12,ROBBERY
"SEX OFFENSES, FORCIBLE",ATTEMPTED RAPE WITH A GUN,12,MISC OFFENSES
SUICIDE,SUICIDE BY INGESTION,12,NON-CRIMINAL DEATH
WEAPON LAWS,"WEAPON, ASSAULT, REGISTRATION OR TRANSFER VIOLATION",12,MISC OFFENSES
ASSAULT,"ASSAULT, AGGRAVATED, W/ SEMI AUTO",11,OTHER ASSAULT
BURGLARY,"BURGLARY,FLAT UNDER CONSTRUCTION, ATT. FORCIBLE",11,BURGLARY
DISORDERLY CONDUCT,DISTURBING RELIGIOUS MEETINGS,11,MISC OFFENSES
DRUG/NARCOTIC,ENCOURAGING MINOR TO USE COCAINE,11,DRUG/NARCOTIC
DRUG/NARCOTIC,TRANSPORTATION OF METHADONE,11,DRUG/NARCOTIC
FRAUD,PUTTING SLUGS IN COIN OPERATED MACHINES,11,OTHER FRAUD/FORGERY
OTHER OFFENSES,JUDGE/JUROR ACCEPTING A BRIBE,11,MISC OFFENSES
RECOVERED VEHICLE,STOLEN AND RECOVERED VEHICLE,11,VEHICLE THEFT
ASSAULT,ASSAULT BY POLICE OFFICER,10,OTHER ASSAULT
ASSAULT,TERRORIZING BY ARSON OR EXPLOSIVE DEVICE,10,OTHER ASSAULT
EMBEZZLEMENT,"EMBEZZLEMENT, GRAND THEFT PUBLIC/PRIVATE OFFICIAL",10,MISC OFFENSES
LIQUOR LAWS,SALE OF ALCOHOL TO MINOR IN BAR,10,MISC OFFENSES
OTHER OFFENSES,"DRIVING, DRAG RACING",10,MISC OFFENSES
OTHER OFFENSES,VIN SWITCH,10,MISC OFFENSES
DRUG/NARCOTIC,ENCOURAGE MINOR TO USE BARBITUATES,9,DRUG/NARCOTIC
FORGERY/COUNTERFEITING,FALSIFICATION OF MEDICAL RECORDS,9,OTHER FRAUD/FORGERY
NON-CRIMINAL,ACCIDENTAL BURNS,9,OTHER NON-CRIMINAL
PORNOGRAPHY/OBSCENE MAT,OBSCENE OR LEWD PLAYS/PERFORMANCES,9,MISC OFFENSES
ROBBERY,ATTEMPTED ROBBERY OF A BANK WITH A KNIFE,9,ROBBERY
ROBBERY,ATTEMPTED ROBBERY SERVICE STATION W/DEADLY WEAPON,9,ROBBERY
ROBBERY,ATTEMPTED ROBBERY SERVICE STATION WITH A KNIFE,9,ROBBERY
"SEX OFFENSES, FORCIBLE","ATTEMPTED RAPE, ARMED WITH A DANGEROUS WEAPON",9,MISC OFFENSES
WEAPON LAWS,"DESTRUCTIVE DEVICE, POSSESSION OF MATERIALS",9,MISC OFFENSES
BURGLARY,SAFE BURGLARY OF A FLAT,8,BURGLARY
DRUG/NARCOTIC,TRANSPORTATION OF AMPHETAMINE,8,DRUG/NARCOTIC
FRAUD,"SHORT CHANGE, GRAND THEFT",8,OTHER FRAUD/FORGERY
LARCENY/THEFT,ATTEMPTED MOTORCYCLE STRIP,8,THEFT FROM AUTO
OTHER OFFENSES,AFFIXING ADVERTISMENTS TO POLES,8,MISC OFFENSES
OTHER OFFENSES,"DRUG OFFENDER, PRESENCE  NEAR SCHOOL GROUNDS",8,MISC OFFENSES
RECOVERED VEHICLE,"VEHICLE, RECOVERED, OTHER VEHICLE",8,VEHICLE THEFT
ROBBERY,"ROBBERY,  ATM, KNIFE, ATT.",8,ROBBERY
ROBBERY,"ROBBERY, VEHICLE FOR HIRE, ATT., W/ FORCE",8,ROBBERY
VANDALISM,DESTROYING JAIL PROPERTY-$200 OR UNDER,8,VANDALISM
WEAPON LAWS,POSS OF FIREARM SILENCER,8,MISC OFFENSES
ASSAULT,"LASERS, DISCHARGING OR LIGHTS AT AIRCRAFT",7,OTHER ASSAULT
EMBEZZLEMENT,"EMBEZZLEMENT, GRAND THEFT BY COLLECTOR",7,MISC OFFENSES
FRAUD,CRIMES AGAINST REVENUE & PROPERTY OF STATE,7,OTHER FRAUD/FORGERY
OTHER OFFENSES,ESCAPES,7,MISC OFFENSES
OTHER OFFENSES,"GUIDE DOG, INTERFERING WITH",7,MISC OFFENSES
PORNOGRAPHY/OBSCENE MAT,OBSCENE MOVIES/ACTS,7,MISC OFFENSES
ARSON,ARSON OF A POLICE BUILDING,6,ARSON
ARSON,ARSON WITH GREAT BODILY INJURY,6,ARSON
ASSAULT,MAYHEM WITH A GUN,6,OTHER ASSAULT
DRUG/NARCOTIC,POSSESSION OF BARBITUATES FOR SALES,6,DRUG/NARCOTIC
EMBEZZLEMENT,"EMBEZZLEMENT, PETTY THEFT PRIVATE PROPERTY",6,MISC OFFENSES
FORGERY/COUNTERFEITING,"CITIZENSHIP OR ALIEN REGISTRATION, MAKING FALSE DOCUMENT",6,OTHER FRAUD/FORGERY
FRAUD,"CABLE TV CONNECTION OR DECODING DEVICE, UNAUTHORIZED",6,OTHER FRAUD/FORGERY
FRAUD,"EAVESDROPPING DEVICES, SALE OR USE",6,OTHER FRAUD/FORGERY
OTHER OFFENSES,DESTITUTE MINOR,6,MISC OFFENSES
OTHER OFFENSES,"DOG OR CAT, ABANDONMENT OF",6,MISC OFFENSES
OTHER OFFENSES,"FOOD STAMPS, MISUSE OF",6,MISC OFFENSES
OTHER OFFENSES,"HAZARDOUS MATERIALS, DUMPING IN UNAUTHORIZED LOCATION",6,MISC OFFENSES
OTHER OFFENSES,"INSURED PROPERTY, DESTRUCTION TO DEFRAUD INSURER",6,MISC OFFENSES
PROSTITUTION,"DISORDERLY HOUSE, KEEPING",6,MISC OFFENSES
WEAPON LAWS,ILLEGAL TRANSPORTAION OF EXPLOSIVES,6,MISC OFFENSES
ASSAULT,"ASSAULT, AGGRAVATED, W/ MACHINE GUN",5,OTHER ASSAULT
ASSAULT,TERRORIZING BY MARKING PRIVATE PROPERTY,5,OTHER ASSAULT
DRUG/NARCOTIC,ENCOURAGE MINOR TO USE CONTROLLED SUBSTANCE,5,DRUG/NARCOTIC
DRUG/NARCOTIC,SALE OF OPIUM DERIVATIVE,5,DRUG/NARCOTIC
EMBEZZLEMENT,"EMBEZZLEMENT, PETTY THEFT BY BROOKERS/AGENTS",5,MISC OFFENSES
EMBEZZLEMENT,"EMBEZZLEMENT, PETTY THEFT PUBLIC/PRIVATE OFFICIAL",5,MISC OFFENSES
FORGERY/COUNTERFEITING,"COUNTERFEITING, PLATES OR DIES",5,OTHER FRAUD/FORGERY
GAMBLING,BOOKMAKING,5,MISC OFFENSES
OTHER OFFENSES,"HAZARDOUS MATERIALS, DUMP OIL INTO SEWERS",5,MISC OFFENSES
OTHER OFFENSES,INJURY TO RAILROADS/RAILROAD BRIDGES,5,MISC OFFENSES
OTHER OFFENSES,SCHOOL STUDENT OR EMPLOYEE ENTERING  CAMPUS AFTER SUSPENSION OR DISMISSAL,5,MISC OFFENSES
OTHER OFFENSES,SELLING RESTRICTED GLUE TO JUVENILES,5,MISC OFFENSES
ROBBERY,"ROBBERY, VEHICLE FOR HIRE, ATT., W/ GUN",5,ROBBERY
SUICIDE,SUICIDE BY DROWNING,5,NON-CRIMINAL DEATH
ASSAULT,ASSAULT OR ATTEMPTED MURDER UPON GOV'T OFFICERS,4,OTHER ASSAULT
DRUG/NARCOTIC,"DRUG LAB APPARATUS, POSSESSION",4,DRUG/NARCOTIC
DRUG/NARCOTIC,SALE OF BARBITUATES,4,DRUG/NARCOTIC
EMBEZZLEMENT,"EMBEZZLEMENT, GRAND THEFT BY PROPERTY CARRIER",4,MISC OFFENSES
FRAUD,FALSE REPORT OF POLICE MISCONDUCT,4,OTHER FRAUD/FORGERY
FRAUD,PUTTING SLUGS IN PARKING METERS,4,OTHER FRAUD/FORGERY
FRAUD,"TELEPHONE OR TELEGRAPH MESSAGES, ALTERING",4,OTHER FRAUD/FORGERY
FRAUD,"WIRETAPS, UNAUTHORIZED",4,OTHER FRAUD/FORGERY
KIDNAPPING,"KIDNAPPER, POSING AS",4,MISC OFFENSES
LARCENY/THEFT,LOOTING DURING STATE OF EMERGENCY,4,OTHER LARCENY/THEFT
LARCENY/THEFT,"THEFT, DRUNK ROLL, ATT.",4,OTHER LARCENY/THEFT
LARCENY/THEFT,"THEFT, GRAND, AGRICULTURAL",4,OTHER LARCENY/THEFT
LOITERING,"OBSTRUCTING HEALTH FACILITY, PLACE OF WORSHIP, OR SCHOOL",4,MISC OFFENSES
OTHER OFFENSES,"HAZARDOUS MATERIALS,  DUMP ANY SUBSTANCE INTO WATER",4,MISC OFFENSES
OTHER OFFENSES,"HAZARDOUS MATERIALS, SPILL LOAD",4,MISC OFFENSES
OTHER OFFENSES,"HAZARDOUS MATERIALS, SPILL ON ROADWAY",4,MISC OFFENSES
OTHER OFFENSES,ILLEGAL CHARITABLE SOLICITATIONS,4,MISC OFFENSES
OTHER OFFENSES,"PERMIT VIOLATION, SECOND-HAND DEALER",4,MISC OFFENSES
OTHER OFFENSES,"POLICE BROADCAST, INTERCEPTION TO COMMIT CRIME",4,MISC OFFENSES
OTHER OFFENSES,SOLICITING MINOR TO COMMIT FELONY,4,MISC OFFENSES
ROBBERY,"ROBBERY, VEHICLE FOR HIRE, ATT., W/ OTHER WEAPON",4,ROBBERY
VANDALISM,"BALLOONS, ELECTRICALLY CONDUCTIVE",4,VANDALISM
WEAPON LAWS,"ARMOR PENETRATING AMMUNITION, POSSESSION",4,MISC OFFENSES
WEAPON LAWS,"WEAPON, DEADLY, POSSESSION OF TO VIOLATE 136.1 PC",4,MISC OFFENSES
ARSON,ARSON OF A POLICE VEHICLE,3,ARSON
ASSAULT,ATTEMPTED MAYHEM WITH A GUN,3,OTHER ASSAULT
BURGLARY,"BURGLARY,WAREHOUSE UNDER CONSTRT, ATT. FORCIBLE",3,BURGLARY
BURGLARY,SAFE BURGLARY OF A WAREHOUSE WITH EXPLOSIVES,3,BURGLARY
DRUG/NARCOTIC,SALE OF OPIUM,3,DRUG/NARCOTIC
EMBEZZLEMENT,"EMBEZZLEMENT, PETTY THEFT OF LEASED PROPERTY",3,MISC OFFENSES
FAMILY OFFENSES,FAILURE TO PROVIDE FOR PARENTS,3,MISC OFFENSES
FRAUD,IMPERSONATING FIRE DEPARTMENT MEMBER,3,OTHER FRAUD/FORGERY
GAMBLING,GAMING & HORSE RACING (GENERAL),3,MISC OFFENSES
LARCENY/THEFT,ATTEMPTED THEFT PHONE BOOTH,3,OTHER LARCENY/THEFT
OTHER OFFENSES,"DOG, FIGHTING;  OWNING, FIGHTING, OR ATTENDING FIGHT",3,MISC OFFENSES
OTHER OFFENSES,MONEY LAUNDERING,3,MISC OFFENSES
OTHER OFFENSES,"PERMIT VIOLATION, VALET PARKING",3,MISC OFFENSES
OTHER OFFENSES,PUSH-CART PEDDLER PERMIT VIOLATION,3,MISC OFFENSES
PROSTITUTION,"PROCUREMENT, PIMPING, & PANDERING",3,MISC OFFENSES
ROBBERY,"ROBBERY,  ATM, GUN, ATT.",3,ROBBERY
SUICIDE,ATTEMPTED SUICIDE BY DROWNING,3,NON-CRIMINAL DEATH
SUICIDE,ATTEMPTED SUICIDE BY FIRE,3,NON-CRIMINAL DEATH
TRESPASS,"DISASTER AREA, ENTERING OR REMAINING IN",3,TRESPASSING
VEHICLE THEFT,"VEHICLE, RECOVERED, BUS",3,VEHICLE THEFT
ASSAULT,"AGGRAVATED ASSAULT OF POLICE OFFICER, SNIPING",2,OTHER ASSAULT
ASSAULT,ATTEMPTED HOMICIDE WITH EXPLOSIVES,2,OTHER ASSAULT
BURGLARY,SAFE BURGLARY WITH EXPLOSIVES,2,BURGLARY
FORGERY/COUNTERFEITING,"CITIZENSHIP DOCUMENT, USING FALSE",2,OTHER FRAUD/FORGERY
LARCENY/THEFT,"THEFT, ANIMAL, ATT.",2,OTHER LARCENY/THEFT
LIQUOR LAWS,"ALCOHOLIC BEVERAGE, PROCURING SALE OF",2,MISC OFFENSES
OTHER OFFENSES,"CHOP SHOP, OWN OR OPERATE",2,MISC OFFENSES
OTHER OFFENSES,ENCOUNTER STUDIO ORDINANCE VIOLATION,2,MISC OFFENSES
OTHER OFFENSES,ESCAPE FROM HOSPITAL WITH FORCE,2,MISC OFFENSES
OTHER OFFENSES,"FOOD STAMPS, UNLAWFUL USE BY RETAILER",2,MISC OFFENSES
OTHER OFFENSES,"HAZARDOUS MATERIALS, FAILURE TO COMPLY W/REGULATIONS",2,MISC OFFENSES
OTHER OFFENSES,LOUDSPEAKER OR SOUND TRUCK PERMIT VIOLATION,2,MISC OFFENSES
OTHER OFFENSES,"SCHOOL BUS, ENTRY TO COMMIT CRIME OR REFUSAL TO LEAVE",2,MISC OFFENSES
OTHER OFFENSES,"SCHOOL GROUNDS, ENTRY BY SEX OFFENDER",2,MISC OFFENSES
OTHER OFFENSES,WEARING THE APPAREL OF OPPOSITE SEX TO DECEIVE,2,MISC OFFENSES
PROSTITUTION,PURCHASE FEMALE FOR THE PURPOSE OF PROSTITUTION,2,MISC OFFENSES
SECONDARY CODES,SHOOTING BY JUVENILE SUSPECT,2,MISC OFFENSES
SUICIDE,SUICIDE BY FIRE,2,NON-CRIMINAL DEATH
VANDALISM,DESTROYING JAIL PROPERTY-OVER $200,2,VANDALISM
ASSAULT,"ASSAULT, AGGRAVATED, ON POLICE OFFICER, W/ FULL AUTO",1,OTHER ASSAULT
ASSAULT,"ASSAULT, AGGRAVATED, ON POLICE OFFICER, W/ SEMI AUTO",1,OTHER ASSAULT
ASSAULT,ATTEMPTED HOMICIDE BY SNIPING,1,OTHER ASSAULT
BURGLARY,"BURGLARY,HOTEL UNDER CONSTRUCTION, ATT. FORCIBLE",1,BURGLARY
BURGLARY,SAFE BURGLARY OF A RESIDENCE WITH EXPLOSIVES,1,BURGLARY
DISORDERLY CONDUCT,"DISTURBANCE OF NON-RELIGIOUS, NON-POLITICAL ASSEMBLY",1,MISC OFFENSES
DRUG/NARCOTIC,ENCOURAGE MINOR TO USE AMPHETAMINE,1,DRUG/NARCOTIC
DRUG/NARCOTIC,ENCOURAGE MINOR TO USE HALLUCINOGENIC,1,DRUG/NARCOTIC
DRUG/NARCOTIC,ENCOURAGE MINOR TO USE HEROIN,1,DRUG/NARCOTIC
DRUG/NARCOTIC,ENCOURAGE MINOR TO USE METH-AMPHETAMINE,1,DRUG/NARCOTIC
DRUG/NARCOTIC,ENCOURAGE MINOR TO USE OPIATES,1,DRUG/NARCOTIC
DRUG/NARCOTIC,PLANTING/CULTIVATING PEYOTE,1,DRUG/NARCOTIC
DRUG/NARCOTIC,TRANSPORTATION OF OPIUM,1,DRUG/NARCOTIC
DRUG/NARCOTIC,TRANSPORTATION OF OPIUM DERIVATIVE,1,DRUG/NARCOTIC
EMBEZZLEMENT,"EMBEZZLEMENT, PETTY THEFT BY COLLECTOR",1,MISC OFFENSES
FAMILY OFFENSES,HARASSING CHILD OR WARD BECAUSE OF PERSON'S EMPLOYMENT,1,MISC OFFENSES
FRAUD,CRIMES INVOLVING RECEIPTS OR TITLES,1,OTHER FRAUD/FORGERY
FRAUD,FALSE REPRESENTATION TO SECONDHAND DEALER,1,OTHER FRAUD/FORGERY
FRAUD,MERCHANDISE TITLE DOCUMENT FRAUD,1,OTHER FRAUD/FORGERY
FRAUD,"PUBLIC UTILITY INFORMATION, FRAUDULENTLY OBTAINING",1,OTHER FRAUD/FORGERY
FRAUD,"VETERAN OR EX-SERVICEMAN, FALSE REPRESENTATION AS",1,OTHER FRAUD/FORGERY
NON-CRIMINAL,ACCIDENTAL LACERATIONS,1,OTHER NON-CRIMINAL
OTHER OFFENSES,"HAZARDOUS MATERIALS, STORE WITHOUT PERMIT",1,MISC OFFENSES
OTHER OFFENSES,"HAZARDOUS MATERIALS, TRANSPORT WITHOUT PERMIT",1,MISC OFFENSES
OTHER OFFENSES,"PERMIT VIOLATION, ADVERTISING HANDBILL DISTRIBUTION",1,MISC OFFENSES
OTHER OFFENSES,REFUSAL TO IDENTIFY,1,MISC OFFENSES
OTHER OFFENSES,UNSOLICITED FAX ADVERTISING,1,MISC OFFENSES
OTHER OFFENSES,VIOLATION OF CALIF UNEMPLOYMENT INSURANCE ACT,1,MISC OFFENSES
RECOVERED VEHICLE,"VEHICLE, RECOVERED, MOBILE HOME-TRAILER",1,VEHICLE THEFT
ROBBERY,ASSAULT TO ROB BANK WITH A GUN,1,ROBBERY
ROBBERY,ASSAULT TO ROB ON THE STREET W/DEADLY WEAPON,1,ROBBERY
ROBBERY,ASSAULT TO ROB WITH BODILY FORCE,1,ROBBERY
ROBBERY,"ROBBERY, VEHICLE FOR HIRE, ATT., W/ KNIFE",1,ROBBERY
"SEX OFFENSES, FORCIBLE","BIGAMY, INCEST, AND THE CRIME AGAINST NATURE (GENERAL)",1,MISC OFFENSES
WEAPON LAWS,BOMBING OF POLICE BUILDING,1,MISC OFFENSES
WEAPON LAWS,"SNIPER SCOPE, POSSESSION OF",1,MISC OFFENSES